Cohort years,group,Cohort count,"Salaries (-dw, attribution, and displacement) (£)","GVA (-dw, attribution, and displacement) (£)",Savings from reduced reoffending (£),Savings to DWP/Health (£),Volunteer value (mentor and non-mentor) (£),WELLBY (-dw and attribution) (£),Volunteers (-attribution) (£),Total savings (£)
2014/15,all,43919,181965650.6,330637965.7,4982223,18400124,584434,65098360.224672325,16900310.169128135,436603417.0938004
2015/16,all,43990,180375270,327697271.7,4978412,18428579,677666,68868272.4347296,18170053.092823166,438820254.2275528
2016/17,all,43909,174959699.85,317827335.2,4958184,18140245,2357901,73735865.11200167,19669977.23212003,436689507.5441217
2017/18,all,44659,164975021,299670696.84999996,4935517,17385531,2496588,81863476.90694606,21417099.429598354,427768909.18654436
2018/19,all,45753,158880041.6,288643491.3,4958558,16957004,2663539,81597778.51365969,22172098.24346292,416992469.0571226
2019/20,all,39881,141582875.65,257234220.75,4479581,15285062,2900563,79135268.99972308,21466603.48511577,380501299.23483884
2020/21,all,32738,130528410.6,239232732.04999998,3476607,13973948,3123224,58419131.72521489,16636955.912548602,334862598.68776345
2021/22,all,31367,128174113.75,238467663.2,2786895,14268962,3167963,80410506.46047145,20434830.34544893,359536820.00592035
2022/23,all,32526,131107485,244632572.1,2434060,15183407,4026658,92825189.99003169,24069065.72471805,383170952.8147497
2023/24,all,33585,136524748.35,250789397.5,2127730,16187375,5217855,89036296.41868952,24533786.904280923,387892440.82297045
2024/25,all,28463,114220575.8,182706435.79999998,1613036,13901002,5039327,79223218.20562252,23669617.618029755,306152636.6236523
2025/26,all,12786,65350391.05,99166434.05,875740,8003075,1611324,NA,NA,109656573.05
2026/27,all,4293,29603767.7,40477729.3,361765,3651159,NA,NA,NA,44490653.3
2027/28,all,789,7736952.45,7598779.85,87501,974165,NA,NA,NA,8660445.85
2014/15,Female,15992,79252297.45,144146703.45,848132,8279176,212806.95207085772,27349958.015800864,5948864.908910523,186785641.32678223
2014/15,Male,20040,79431434.1,143937709.7,3758569,7541333,266674.04449099477,27617578.073193397,7631651.642128765,190753515.45981315
2014/15,Other/trans,536,2124031.85,3836556.6,33934,201375,7132.599193970719,826211.9309740157,184125.54390369993,5089335.674071686
2014/15,Prefer not to say/NA,7351,21157887.2,38716995.949999996,341587,2355750,97820.40424417678,9304612.204704061,3135668.074185141,53952433.633133374
2015/16,Female,15992,78674162.3,143043924.5,849722,8301132,246351.1780136846,28676700.20278618,6366100.9997898135,187483930.8805897
2015/16,Male,20136,78962690.55,143079786,3756765,7577049,310188.0515560001,29301915.649186198,8199368.751817519,192225072.4525597
2015/16,Other/trans,538,2088643.8,3774826.1999999997,33260,201299,8287.702211816053,850417.2851710541,196698.11701564502,5064788.304398515
2015/16,Prefer not to say/NA,7325,20649773.349999998,37798734.15,338666,2325951,112839.06821849925,10039239.297586191,3407885.2242001914,54023314.74000488
2016/17,Female,15898,76241313.55,138640731.54999998,845180,8157619,853737.5899152774,29543129.49779879,6725004.301576192,184765401.93929023
2016/17,Male,20119,76784037.7,139081256.79999998,3743774,7484942,1080409.269814157,31635847.798036467,8887254.30993058,191913484.1777812
2016/17,Other/trans,530,2013337.2,3639439.9,33485,197198,28461.499726701284,871926.4363860176,203916.07701558605,4974426.913128305
2016/17,Prefer not to say/NA,7361,19921011.4,36465906.1,335744,2276795,395292.64054386446,11684961.379780417,3853802.543597669,55012501.66392195
2017/18,Female,15968,71875976.2,130715978.39999999,837005,7809717,892664.7973308852,31838860.293735456,7190201.52234328,179284427.0134096
2017/18,Male,20390,72640261.35,131549094,3713102,7203258,1139869.4399785039,35211841.93515249,9623832.289581826,188440997.66471282
2017/18,Other/trans,538,1947721.45,3518718.65,33485,194297,30076.005821894803,910642.5924381214,213027.53766001444,4900246.78592003
2017/18,Prefer not to say/NA,7763,18511062,33886904.949999996,351925,2152719,433977.7568687163,13902132.085620025,4390038.080013239,55117696.87250198
2018/19,Female,16179,69404777.14999999,126276368.89999999,854036,7615925,941891.0098137786,31582710.77393396,7383385.246248148,174654316.92999586
2018/19,Male,20662,69902677.39999999,126585863.25,3696864,7025696,1202877.31286064,34829155.01312719,9862888.279436586,183203343.85542443
2018/19,Other/trans,531,1861784.75,3363274.05,32586,187159,30913.166834236756,880581.620244822,209256.5693884478,4703770.406467507
2018/19,Prefer not to say/NA,8380,17710803.15,32417985.099999998,375072,2099099,487857.51049134467,14305331.106353745,4716568.1483897455,54401912.86523483
2019/20,Female,13754,61463772,111809609.45,734821,6809272,1000334.5829342293,28628554.72658108,6947806.74989526,155930398.50941056
2019/20,Male,17715,62025276.9,112322309.89999999,3362721,6298739,1288419.887791179,33383584.98801904,9313706.804051943,165969481.57986215
2019/20,Other/trans,418,1480235.05,2675370.75,28541,153341,30401.32729871367,603044.1073339,160325.55484190106,3651023.739474515
2019/20,Prefer not to say/NA,7994,16613592.549999999,30426931.5,353498,1994990,581407.2019758782,16520085.177789068,5044764.376326667,54921676.25609161
2020/21,Female,12917,61556612.4,113042674.7,602754,6711127,1232251.5778734842,24992536.568968438,6474148.911821585,153055492.7586635
2020/21,Male,13873,53123424.949999996,97016509.5,2591594,5378775,1323451.7411038822,23963714.410187278,7175452.203138877,137449496.85443005
2020/21,Other/trans,368,1398714.95,2552935.05,25394,148008,35106.33898408626,665006.4985174619,180981.49453349473,3607431.3820350426
2020/21,Prefer not to say/NA,5581,14449658.299999999,26620611.95,256865,1715481,532414.3420385473,8797874.247541726,2806373.303054639,40729619.84263491
2021/22,Female,13524,64034466.1,119343247,513107,7275435,1365879.1600089266,34668813.756062835,8056878.089471028,171223360.00554278
2021/22,Male,13247,49955678.949999996,92713563,2068057,5291584,1337903.0784263718,34923606.245866485,9343217.6598305,145677930.98412335
2021/22,Other/trans,487,1700102.8499999999,3152502.9499999997,27296,194499,49185.3853094016,1502202.781629926,366792.17017345456,5292478.287112782
2021/22,Prefer not to say/NA,4109,12483866.7,23258349.4,178434,1495677,414995.3762553001,9315883.676912231,2667942.4259739453,37331281.87914147
2022/23,Female,14632,68001962.64999999,126976808,482557,8053074,1811414.2487855868,38694448.70501117,9290289.669997277,185308591.62379402
2022/23,Male,13525,49323737.1,91966586.39999999,1802608,5434346,1674369.7180716966,38305207.20886496,10475977.789412413,149659095.11634907
2022/23,Other/trans,686,2237758.4499999997,4160076.8,26644,269963,84925.51767816515,1608327.2792530532,423830.2359832639,6573766.832914482
2022/23,Prefer not to say/NA,3683,11544026.799999999,21529100.9,122252,1419743,455948.51546455146,14217206.796902543,3878968.0293250885,41623219.24169218
2023/24,Female,15585,73348778.85,134737051.29999998,430424,8844030,2421399.1833909005,42543158.25109588,10850528.590416124,199826591.3249029
2023/24,Male,13967,49615356.8,91228386.05,1591618,5641771,2170014.9114161506,41548955.81995009,11971035.94791867,154151781.7292849
2023/24,Other/trans,866,2884770.8,5255348.55,25356,355633,134548.07140304905,1429449.23305365,413232.46499688935,7613567.319453588
2023/24,Prefer not to say/NA,3166,10675841.9,19568612.45,80332,1345575,491892.8337899,3514733.114589921,1298989.900949226,26300135.299329046
2024/25,Female,13266,62289796.9,99046737.05,348819,7700596,2348640.80881113,36855750.324271865,10411285.384976072,156711828.56805906
2024/25,Male,12179,41586204.949999996,66602249.8,1187420,4876178,2156196.020692805,39113805.42351566,12040992.442390233,125976841.6865987
2024/25,Other/trans,832,2565813.4,4079947.3,23739,325474,147299.0466554244,964237.0038340442,342541.49953733356,5883237.850026802
2024/25,Prefer not to say/NA,2187,7778760.55,12977501.65,53058,1003057,387191.1238406408,2289425.454000979,874798.2911261134,17585031.518967733
2025/26,Female,5976,35952073.449999996,54220819.15,193369,4464871,753169.5130230739,NA,NA,59632228.66302307
2025/26,Male,5508,23642573.2,35876268.75,642819,2795589,694186.3583887367,NA,NA,40008863.10838874
2025/26,Other/trans,387,1519414.95,2311895.4499999997,13544,194239,48774.53171685569,NA,NA,2568452.9817168554
2025/26,Prefer not to say/NA,914,4236329.45,6757449.85,26008,551685,115193.5968713336,NA,NA,7450336.446871333
2026/27,Female,2008,16500514.5,22436938.3,83252,2057940,NA,NA,NA,24578130.3
2026/27,Male,1872,10669880,14561493.65,262414,1277520,NA,NA,NA,16101427.65
2026/27,Other/trans,134,699460.75,968285.15,6577,90354,NA,NA,NA,1065216.15
2026/27,Prefer not to say/NA,279,1733912.45,2511012.1999999997,9521,227610,NA,NA,NA,2748143.1999999997
2027/28,Female,368,4354400.399999999,4242834.5,23686,555066,NA,NA,NA,4821586.5
2027/28,Male,349,2844614.25,2821033.55,59402,348220,NA,NA,NA,3228655.55
2027/28,Other/trans,25,174058.75,171399.1,2165,23165,NA,NA,NA,196729.1
2027/28,Prefer not to say/NA,46,363879.05,363513.55,2247,48582,NA,NA,NA,414342.55
2014/15,18-24,31801,101153346.45,183302424.35,3391207,11079140,423178.7070288485,56458284.6883948,13731439.12800954,268385673.87343317
2014/15,25-34,12118,80812304.14999999,147335541.35,1591016,7322163,161255.29297115144,8640075.536277525,3168871.0411185953,168218922.22036725
2015/16,18-24,31882,100263801.05,181669329.54999998,3402277,11094243,491142.2462377813,59793143.84073499,14838059.268101456,271288194.9050742
2015/16,25-34,12108,80111468.95,146027942.15,1576135,7335464,186523.75376221866,9075128.593994629,3331993.824721714,167533187.32247856
2016/17,18-24,31924,97340639.14999999,176381570.5,3396113,10929830,1714309.857295771,64812367.43929348,16314871.001223693,273549061.79781294
2016/17,25-34,11985,77619060.7,141445763.85,1562071,7211528,643591.1427042292,8923497.6727082,3355106.2308963393,163141557.89630875
2017/18,18-24,32771,92389140.1,167400763.75,3416554,10534214,1832008.897377908,72810515.91466843,18123526.61695284,274117583.1789992
2017/18,25-34,11888,72585881.75,132269933.1,1518964,6852408,664579.1026220918,9052960.992277645,3293572.8126455173,153652418.00754523
2018/19,18-24,33551,89049433.14999999,161387753.25,3449956,10280128,1953234.7654528765,71965712.59884875,18606708.8182306,267643493.43253222
2018/19,25-34,12201,69830608.45,127255738.05,1508602,6677099,710304.2345471237,9632065.914810939,3565389.4252323257,149349198.6245904
2019/20,18-24,29513,80402544.64999999,145616750.4,3121932,9341243,2146493.714274968,74000439.21699911,18915121.110628393,253141979.4419025
2019/20,25-34,10367,61178275.699999996,111613825.55,1357648,5943871,753996.555276949,5134869.84077968,2550933.314368056,127355144.26042469
2019/20,35-44,1,2056.15,3645.65,0,226,72.73044808304707,-40.058055719592744,549.060119321579,4453.382511685033
2020/21,18-24,23046,72018934.3,131526311.45,2393541,8280171,2198601.6343087545,52357256.3739258,13726170.20880156,210482051.66703612
2020/21,25-34,9690,58504439.199999996,107697204.89999999,1083066,5697054,924431.5645427332,6062134.092713664,2910205.6348543046,124374096.19211069
2020/21,35-44,2,5036.25,9215.699999999999,0,515,190.80114851243204,-258.7414245625481,580.06889273556,10242.828616685443
2021/22,18-24,21900,70868431.25,131464314.14999999,1901542,8450893,2211827.3886568686,72665815.24406093,17544987.21310255,234239378.99582034
2021/22,25-34,9466,57302034.3,106996665.5,885353,5822214,956034.6146587178,7744691.216410528,2889843.1323463772,125294801.46341562
2021/22,35-44,1,3649.0499999999997,6683.55,0,372,100.99668441355564,NA,NA,7156.546684413556
2022/23,18-24,22126,71412578.3,133010831.35,1636971,8824893,2739157.440447642,83556091.06813021,20610472.79358288,250378416.65216073
2022/23,25-34,10400,59692645.699999996,111617589.35,797090,6366618,1287500.559552358,9269098.921901483,3458592.9311351664,132796489.76258901
2022/23,35-44,0,2261,4152.25,0,229,0,NA,NA,4381.25
2023/24,18-24,22203,72045925.2,132223412.6,1402093,9144681,3449619.895337065,79401151.32706614,20647707.661711343,246268665.48411453
2023/24,25-34,11380,64471010.8,118552579.55,725636,7057126,1768079.7373749404,9635804.098299343,3885474.21699857,141624699.60267285
2023/24,35-44,1,7812.3499999999995,13405.35,0,621,155.36728799428298,-659.0066759550502,605.0255710056945,14127.736183044928
2024/25,18-24,19040,59320993.4,95755098.45,1087774,7773272,3371000.459543969,73938980.01078948,21039952.87542776,202966077.79576123
2024/25,25-34,9420,54890277.449999996,86935336.95,525262,6140987,1667795.3954256403,5282296.269284051,2628347.2752960785,103180024.89000577
2024/25,35-44,3,9304.949999999999,16000.4,0,855,531.1450303903313,1941.9255490045725,1317.4673059128213,20645.937885307725
2025/26,18-24,8559,33459346.45,51275629.5,592612,4424867,1078711.1549472038,NA,NA,57371819.65494721
2025/26,25-34,4225,31884499.599999998,47879540.35,283128,3586470,532486.812671099,NA,NA,52281625.162671104
2025/26,35-44,1,6545,11264.199999999999,0,608,126.03238169730152,NA,NA,11998.2323816973
2026/27,18-24,2893,14954343.25,20695641.05,248850,2002241,NA,NA,NA,22946732.05
2026/27,25-34,1399,14645639.4,19775561.099999998,112915,1652892,NA,NA,NA,21541368.099999998
2026/27,35-44,1,3785.0499999999997,6527.15,0,361,NA,NA,NA,6888.15
2027/28,18-24,539,3889549.85,3943647.25,64521,535372,NA,NA,NA,4543540.25
2027/28,25-34,249,3846377.5,3653342.5,22980,439737,NA,NA,NA,4116059.5
2027/28,35-44,0,1025.1,1790.1,0,114,NA,NA,NA,1904.1
2014/15,1,10278,35976628.25,64934588.9,1222801,3670901,136767.1368852459,14572555.794600362,3877704.077622183,88415317.90910779
2014/15,2,7660,30831086.95,56095318.199999996,879007,3188584,101929.97358834243,11800955.749576919,2899222.7035984225,74965017.62676369
2014/15,3,6090,28730200.599999998,52693153.25,735690,2972704,81038.32103825136,9713906.283188803,2300563.148283114,68497055.00251018
2014/15,4,4619,22110273.95,40479389.35,612951,2168219,61464.040209471765,7270987.243363894,1827672.407109677,52420683.040683046
2014/15,5,3541,14093578,25677402.65,426987,1329219,47119.32591074681,4703619.025245877,1397039.987487909,33581386.98864453
2014/15,6,2943,13174988.1,23750680.45,306778,1332743,39161.86844262295,4250965.475752718,1128900.875737439,30809229.66993278
2014/15,7,2543,10889707.85,19694035.05,185997,1049356,33839.15441712204,3437722.4547506412,1002628.9863389998,25403578.645506766
2014/15,8,2272,9703848.2,17593129.15,250684,950676,30233.01566484517,3264211.4908558326,928676.9236235794,23017610.580144256
2014/15,9,1882,8240694.75,14911527.9,142536,785416,25043.369489981786,2670249.588800673,734489.8745885297,19269262.732879184
2014/15,10,1544,8214643.95,14808740.799999999,146586,722834,20545.676138433515,2472947.010844306,611236.4367294956,18782889.923712235
2014/15,NA,548,0,0,72206,0,7292.118214936248,940240.1076923076,192174.7480087797,1211912.9739160235
2015/16,1,10313,35507185.15,64028449.8,1221524,3664097,158875.38834708676,15507683.630065374,4192612.620168119,88773242.43858057
2015/16,2,7670,30633544.4,55756056.85,882143,3198999,118159.0447611903,12525131.128524082,3121356.471067165,75601845.494352445
2015/16,3,6085,28382729.099999998,52075658,725662,2968638,93741.56289072268,10284706.312449988,2479119.0496302554,68627524.92497097
2015/16,4,4630,21974330.9,40230732.05,619538,2172565,71326.77669417355,7534547.840074655,1948395.5213045783,52577105.188073404
2015/16,5,3545,14008939.25,25522311.65,425869,1333796,54611.97049262316,4981464.264001641,1486851.9081497577,33804904.792644024
2015/16,6,2943,13052196.25,23510201.849999998,303420,1334949,45337.94898724681,4482052.822734479,1199290.6189694053,30875252.24069113
2015/16,7,2552,10873817.1,19667507.4,187553,1058772,39314.45661415354,3716978.5598987513,1093455.6741184676,25763581.09063137
2015/16,8,2268,9660828.85,17513063.4,252516,954237,34939.33683420855,3344792.2529694773,971616.4205339736,23071164.410337657
2015/16,9,1886,8103327.1,14667288.9,139458,783544,29054.49262315579,2904880.722020811,812605.8692457356,19336831.983889703
2015/16,10,1543,8178371.899999999,14726003.5,145009,727118,23770.45711427857,2606413.009682671,659274.2662177918,18887588.23301474
2015/16,NA,554,0,0,75721,0,8534.56464116029,979621.8923076921,205474.6734179179,1269352.1303667703
2016/17,1,10309,34380964.05,61990334.25,1224567,3607437,553590.4121934,16805774.23754044,4574376.453051709,88756079.35278554
2016/17,2,7674,29709859.599999998,54086746.949999996,882271,3151262,412091.65032225737,13040003.868631363,3306504.47160765,74878879.94056126
2016/17,3,6071,27616339.349999998,50678414.4,712684,2929825,326010.9993623175,10881920.114456242,2669398.800932011,68198253.31475057
2016/17,4,4608,21193082.3,38806156.699999996,618297,2127694,247448.30918490514,7791693.731747748,2047613.2500321544,51638902.9909648
2016/17,5,3555,13626605,24819878.45,424047,1316133,190902.50415632332,5486133.683133699,1633441.7360937619,33870536.37338378
2016/17,6,2925,12674684.049999999,22790235.7,294308,1315854,157071.68063494956,5116765.431470985,1356623.0201451425,31030857.832251076
2016/17,7,2537,10532387.4,19049503.849999998,182899,1040074,136236.18932337334,3960701.3693428948,1178592.6627507058,25548007.07141697
2016/17,8,2263,9377708.299999999,16995531.55,265989,937981,121522.46607756952,3752019.1253708955,1084030.54413467,23157073.685583137
2016/17,9,1891,7864102.25,14226910.7,136134,771055,101546.17028399646,3139546.787315434,890151.7869721827,19265344.44457161
2016/17,10,1544,7983967.55,14383620.95,142082,720743,82912.36748730329,2835834.8245304516,730611.2293071386,18895804.371324893
2016/17,NA,532,0,0,74906,0,28568.2509736045,925471.9384615384,198633.27709290248,1227579.4665280455
2017/18,1,10582,32419059.5,58446777.75,1235880,3457505,591582.5656321376,18447027.679322857,4968554.04012916,87147327.03508416
2017/18,2,7854,28184038.2,51295701.4,869040,3037003,439074.7940346635,14261413.477715781,3593273.3190593612,73495505.9908098
2017/18,3,6163,26100894.75,47888695.699999996,708565,2815255,344540.10130323796,11921795.196570909,2897278.937439755,66576129.935313895
2017/18,4,4678,19993519.8,36620414,628654,2036344,261521.7578933226,8639391.92486041,2237833.39806574,50424159.08081947
2017/18,5,3576,12724960.7,23174292.05,404062,1251741,199914.879484079,6240536.07790819,1779406.4910424734,33049952.498434745
2017/18,6,2933,11923769.4,21430464.349999998,289476,1260382,163968.2163106274,5687503.633117585,1473962.5951328939,30305756.794561103
2017/18,7,2558,9850114.5,17817071.849999998,182230,990036,143003.9881768104,4584773.096510926,1291740.5102227347,25008855.44491047
2017/18,8,2285,8797384.4,15940027.9,270534,894799,127742.03009539164,4314779.273105216,1190970.130888463,22738852.33408907
2017/18,9,1928,7418675.05,13424504.75,135634,739406,107784.08491199784,3580593.1925962865,973243.4563683012,18961165.483876586
2017/18,10,1570,7562604.7,13632747.1,143258,693493,87770.23512024722,3210964.186007165,804074.5294029956,18572307.050530408
2017/18,NA,531,0,0,68184,0,29685.347037484884,974699.169230769,206762.0218464846,1279330.5381147384
2018/19,1,10831,31023798.95,55928804.05,1239505,3353399,630547.0997770589,18246151.242838006,5130264.639789414,84528671.03240448
2018/19,2,8073,27149561,49418468.75,873302,2966325,469984.9262764469,14384419.823555892,3751097.9407765493,71863598.44060889
2018/19,3,6357,25423173.599999998,46676546.4,713376,2771021,370084.7487104389,12016127.760075103,3032882.298527708,65580038.20731325
2018/19,4,4794,19317513.099999998,35397871.75,640617,1990099,279091.75480853295,8544783.273767304,2309314.8258597245,49161777.60443556
2018/19,5,3668,12279885.4,22354544.4,398853,1226209,213539.54039167686,6254698.189045661,1844775.9454782086,32292620.074915547
2018/19,6,2968,11346339.75,20391361.45,289076,1219515,172787.71970624238,5717649.422185039,1519919.839036296,29310309.43092758
2018/19,7,2588,9356488.9,16917952.05,191814,952467,150665.30276272076,4459251.3142552255,1313339.1848574192,23985488.851875365
2018/19,8,2337,8497582.6,15389062.15,269059,876395,136052.8642026578,4267396.378601122,1214865.5051452084,22152830.897948988
2018/19,9,1982,7139739.05,12924757.45,136980,720317,115385.86942647316,3513345.325439875,1006144.1187986748,18416929.76366502
2018/19,10,1618,7345958.399999999,13244124.549999999,141721,680729,94194.9226700472,3197104.3608195605,832744.8132184776,18190618.646708082
2018/19,NA,536,0,0,64255,0,31204.251267704145,996851.423076923,216749.13197524642,1309059.8063198735
2019/20,1,9445,27775325.9,50116383.35,1097433,3028629,686921.8578556742,17031593.539590884,4775724.917859093,76736685.66530566
2019/20,2,7008,24114080.95,43890124,785912,2665636,509682.2000902663,13557091.484020455,3575479.497022122,64983925.181132846
2019/20,3,5518,22646809.25,41555183.35,652899,2495313,401316.549671531,11054996.791813856,2849622.0192789948,59009330.710764386
2019/20,4,4179,17227777.9,31525470.65,573739,1797412,303932.9215435535,9151434.389777781,2432885.3887139163,45784874.35003525
2019/20,5,3212,10956617.299999999,19933926.3,368311,1110139,233604.3417080387,6178331.43075039,1776758.5461246297,29601070.618583057
2019/20,6,2601,10169020.9,18313387.7,269056,1104106,189167.15217391303,5554624.498749189,1483560.4424069065,26913901.793330006
2019/20,7,2289,8388837.85,15173065.25,164554,862378,166475.82134797654,4838729.417958326,1366061.5768720885,22571264.06617839
2019/20,8,2051,7489286.25,13562609.35,261252,784582,149166.40873075573,4213554.203856227,1196402.0000017206,20167565.9625887
2019/20,9,1718,6389823.149999999,11574471.25,120425,651473,124947.77679153503,3488818.231763074,971287.3510798733,16931422.60963448
2019/20,10,1391,6425296.2,11589598.7,128373,605234,101165.51659896696,3103702.6499044495,824139.2391016901,16352213.105605105
2019/20,NA,470,0,0,57626,0,34182.453487788975,962392.3615384614,214682.5066547374,1268883.3216809877
2020/21,1,6981,23759460.099999998,43235167.55,840137,2577823,666011.7525735407,11349198.244819159,3151514.294232297,61819851.84162499
2020/21,2,5448,21484696.9,39447452.8,609754,2352932,519758.2048446712,9587097.016909946,2573185.6081749443,55090179.62992956
2020/21,3,4354,19977700.45,36913200.75,501977,2185250,415386.7885267434,8245789.482854425,2190340.1389694745,50451944.16035064
2020/21,4,3415,15633992.2,28812828.25,434195,1621871,325802.9129119956,6584686.180420902,1820836.2542969228,39600219.59762982
2020/21,5,2886,10987781.7,20171574.4,290704,1100556,275334.46754436876,5025405.994517267,1563285.6659223342,28426860.527983967
2020/21,6,2285,9622925.65,17542460.65,215808,1034297,217996.97101139385,4722398.142133965,1341119.2800046147,25074080.04314997
2020/21,7,2075,8441314.299999999,15420962.65,135328,862178,197962.2384457953,3683490.6875271266,1175799.6455749802,21475721.2215479
2020/21,8,1905,7477492.5,13684361.65,199654,786208,181743.6454165012,3271567.544658379,1060946.004813339,19184480.84488822
2020/21,9,1675,6653497.399999999,12171676.15,108110,678934,159800.8430827504,2968739.152038941,926370.0216986893,17013630.16682038
2020/21,10,1342,6489549.399999999,11833047.2,101490,613898,128031.48144301555,2441721.1024117153,706523.9113519121,15824711.695206642
2020/21,NA,371,0,0,39450,0,35394.69419922412,539038.1769230769,127035.08750908764,740917.9586313886
2021/22,1,6631,23171619.65,42890582.65,673448,2619602,669709.0143462876,14475587.551887697,3745501.3831398175,65074430.5993738
2021/22,2,5177,20991492.05,39146747.449999996,469972,2367933,522859.83520897763,13830467.284584766,3393540.6226467825,59731520.192440525
2021/22,3,4231,19471492.3,36503335.85,414715,2212039,427316.97175375395,11645836.449369399,2816826.961612004,54020070.23273516
2021/22,4,3352,15774223.5,29458829.099999998,348623,1696380,338540.88615423854,8305567.779546428,2085524.376600544,42233465.14230121
2021/22,5,2737,10848632.45,20193822.3,235326,1128375,276427.9252399018,5369908.630889917,1504247.2048948673,28708107.06102469
2021/22,6,2275,9563027,17722435.4,172634,1076346,229767.4570408391,5351856.5867177565,1385595.9274515102,25938635.371210106
2021/22,7,1932,8135960.3,15089231.45,119952,865582,195125.5942869895,5223001.078643,1395293.3876271693,22888185.510557156
2021/22,8,1822,7538926.25,13990545.25,164609,819739,184015.95900149838,5965388.663596341,1560150.210613372,22684448.083211213
2021/22,9,1561,6550286.149999999,12148561.25,87940,698236,157655.82436956037,4487054.389781921,1152856.8832356946,18732304.347387176
2021/22,10,1246,6128453.25,11323573.35,69741,606744,125841.86877929034,4328248.3531465605,1064438.863987039,17518587.43591289
2021/22,NA,403,0,0,29935,0,40701.66381866292,1427589.692307692,330854.52364013006,1829080.879766485
2022/23,1,7088,24478835.5,45563659.25,634252,2868834,877481.1505872224,16619426.043152738,4374780.302669641,70938432.7464096
2022/23,2,5299,21380152.849999998,40004956.75,401896,2499722,656006.2947180717,14462903.743774887,3594495.017673278,61619979.80616624
2022/23,3,4363,19595698.55,36810916.85,347177,2310372,540131.2443583595,11009640.499673672,2765261.9472712404,53783499.54130328
2022/23,4,3591,16188700.5,30310253.7,281582,1813843,444559.0874377421,9701147.677727126,2560257.1048662923,45111642.57003116
2022/23,5,2748,11056439.6,20594368.65,197134,1185689,340197.2632355654,6771506.971185854,1870957.1150945981,30959852.999516014
2022/23,6,2387,9824403.7,18256442.8,143336,1149852,295506.1380434114,6670469.308901505,1763847.8435010016,28279454.090445917
2022/23,7,1995,8315776.95,15460475.75,115167,920786,246977.2707987456,6593641.645913916,1794944.083641078,25131991.75035374
2022/23,8,1743,7557899.95,14055566,130779,854326,215780.14185574616,5957811.667137518,1598001.2294205942,22812264.038413856
2022/23,9,1550,6588236.95,12221976.6,88777,732180,191887.10262559183,5810666.754424855,1507591.7904948164,20553079.247545265
2022/23,10,1277,6121341.3,11353954.9,57138,632073,158090.21293734244,7509945.324293501,1836981.5934600702,21548183.030690912
2022/23,NA,485,0,0,36823,0,60042.09340220132,1718030.3538461537,401947.6966254323,2216843.1438737875
2023/24,1,7535,26549072.55,48681671.75,540392,3160819,1170692.5150369222,19103666.412927564,5200194.782793944,77857436.46075843
2023/24,2,5424,22170263.55,40836661.35,354221,2641473,842712.170080991,14557763.418476745,3814686.2251909035,63047517.163748644
2023/24,3,4420,20163455.2,37247176.8,279664,2425933,686723.4129347309,11914222.558335533,3132217.3810964804,55685937.15236674
2023/24,4,3626,16833667.75,30992632.849999998,225322,1921630,563361.7862672701,9610747.622278992,2657272.30785701,45970966.56640327
2023/24,5,2791,11283849.45,20699030.849999998,179874,1243572,433630.1007920438,7518841.332467158,2201688.0528897224,32276636.33614892
2023/24,6,2453,10131310.65,18563317.45,126597,1217609,381115.9574499762,6378809.289069671,1824757.1221531746,28492205.81867282
2023/24,7,1999,8357142.2,15324841.25,121419,951132,310579.2087005717,5304149.484377438,1559150.8964816746,23571271.839559685
2023/24,8,1794,7675391.2,14039585.15,133150,884778,278728.9146617437,5086147.252941656,1471422.1886858488,21893811.506289247
2023/24,9,1622,6878042.75,12573079.299999999,76474,779811,252005.741126727,4460261.774163801,1305040.156659283,19446671.97194981
2023/24,10,1309,6482552.2,11831400.75,49968,682652,203375.77998451644,3585488.5659586773,994662.0387333618,17347547.134676557
2023/24,NA,611,0,0,40650,0,94929.41296450692,1516198.7076923074,372695.7517395078,2024473.8723963222
2024/25,1,6595,23217416.8,36779292.6,430475,2815321,1167633.8251414115,19014004.240289383,5615045.657800445,65821772.32323124
2024/25,2,4583,18627250.2,29679238.349999998,259761,2269271,811412.5580929627,12889044.600432217,3719210.2045918945,49627937.71311707
2024/25,3,3767,17207655,27321827.95,223321,2110805,666941.1098267926,10647584.294230139,3036103.4064760967,44006582.76053303
2024/25,4,3010,14117604.1,22521924.7,162528,1654047,532915.5138249658,7875804.495867031,2365512.547766471,35112732.25745846
2024/25,5,2356,9296681.2,14812320.15,129680,1048448,417125.8971998735,6372526.905692868,2036804.4549412217,24816905.407833964
2024/25,6,1992,8214213,13244293.7,88032,1005499,352680.30017918,5833235.505948661,1785168.1995118728,22308908.705639713
2024/25,7,1621,6601229.2,10855265.85,92937,775331,286995.36475424236,4631404.1591791855,1451848.971115929,18093782.345049355
2024/25,8,1520,6136121.95,10017009.45,100248,726944,269113.4820644345,3750366.1254738797,1212069.9214397955,16075750.978978109
2024/25,9,1322,5523056.05,8887180.95,49987,643374,234057.91005867266,3620184.280578602,1125775.8129025057,14560559.95353978
2024/25,10,1086,5279347.45,8588082.1,40388,571043,192274.50100129994,2994101.3210075116,895219.034367762,13281107.956376573
2024/25,NA,611,0,0,35680,0,108176.53785616414,1594962.276923077,426859.4071157541,2165678.2218949953
2025/26,1,2986,13499009.799999999,20306130.25,235916,1641611,376303.25856405444,NA,NA,22559960.508564055
2025/26,2,2055,10635389.549999999,16026156.7,141309,1303225,258976.2881276396,NA,NA,17729666.988127638
2025/26,3,1691,9851323.2,14761108.5,119882,1213389,213104.08916001878,NA,NA,16307483.58916002
2025/26,4,1340,8033444.35,12118467.85,83572,947840,168870.1830126701,NA,NA,13318750.03301267
2025/26,5,1058,5309180.75,8013517.8,70062,601905,133331.83106522757,NA,NA,8818816.631065227
2025/26,6,885,4648057.55,7123881.45,46700,570858,111529.93430314407,NA,NA,7852969.384303144
2025/26,7,720,3727394.5,5865816,51763,441188,90736.21773815111,NA,NA,6449503.217738152
2025/26,8,686,3448723.6999999997,5371835.1,55724,411882,86451.45190051619,NA,NA,5925892.551900516
2025/26,9,591,3151568.8,4828707.2,26011,368965,74479.3120600657,NA,NA,5298162.512060066
2025/26,10,486,3046298.85,4750812.35,23601,330944,61246.946973251994,NA,NA,5166604.296973252
2025/26,NA,288,0,0,21199,0,36294.48709526045,NA,NA,57493.48709526045
2026/27,1,1012,6205573.75,8409463.1,96713,757839,NA,NA,NA,9264015.1
2026/27,2,690,4815239.8,6495972,57155,592922,NA,NA,NA,7146049
2026/27,3,570,4506331.95,6037013.649999999,51917,557089,NA,NA,NA,6646019.649999999
2026/27,4,446,3638061.1999999997,4916573.399999999,33556,431956,NA,NA,NA,5382085.399999999
2026/27,5,356,2398950.75,3255060.55,28905,274075,NA,NA,NA,3558040.55
2026/27,6,292,2065602.8499999999,2859538.55,18623,254494,NA,NA,NA,3132655.55
2026/27,7,237,1631499.3499999999,2347975.4,21999,195351,NA,NA,NA,2565325.4
2026/27,8,232,1538879.95,2192515.5,24880,185093,NA,NA,NA,2402488.5
2026/27,9,196,1420319.4,1978353.75,8661,167262,NA,NA,NA,2154276.75
2026/27,10,162,1383309.55,1985261.7,10381,151274,NA,NA,NA,2146916.7
2026/27,NA,101,0,0,8976,0,NA,NA,NA,8976
2027/28,1,188,1660588.9,1623623.25,27107,206360,NA,NA,NA,1857090.25
2027/28,2,127,1265759.65,1200682.8,12376,158749,NA,NA,NA,1371807.8
2027/28,3,106,1222049.25,1167356.8499999999,15344,152964,NA,NA,NA,1335664.8499999999
2027/28,4,82,955003.0499999999,911963.2999999999,8170,116355,NA,NA,NA,1036488.2999999999
2027/28,5,65,631921.45,613397.4,5636,72881,NA,NA,NA,691914.4
2027/28,6,52,516261.1,506220.05,3389,63984,NA,NA,NA,573593.05
2027/28,7,43,402441.85,435116.7,4514,49622,NA,NA,NA,489252.7
2027/28,8,42,386968.45,416635.14999999997,4590,47864,NA,NA,NA,469089.14999999997
2027/28,9,35,350834.1,347592.2,1403,42543,NA,NA,NA,391538.2
2027/28,10,29,345125.5,376193,2762,38813,NA,NA,NA,417768
2027/28,NA,20,0,0,2210,0,NA,NA,NA,2210
2014/15,East Midlands,3605,17677633.599999998,30824314.15,456523,2004331,47969.86794471893,7005116.296582099,1165625.3694668654,41503879.68399368
2014/15,East of England,2795,11556142.7,19210571.2,435707,1163263,37191.61744951163,4163170.682138631,1010175.1151875121,26020078.614775654
2014/15,London,4666,26829073.599999998,51230642.4,586921,2278502,62088.04544523121,6099464.18179247,1604810.0684502807,61862427.69568798
2014/15,North East,2671,6953051.85,12470420.549999999,292925,859481,35541.613669998405,4107996.940219593,944775.331833739,18711140.43572333
2014/15,North West,4715,16191739.25,29940860.7,507862,1681939,62740.063067780786,9095834.518785596,2031920.9612760765,43321157.243129455
2014/15,Northern Ireland,2958,5687694.25,10616896.1,314275,672801,39360.57403064593,6140131.214452238,1677755.9806525663,19461219.86913545
2014/15,Scotland,6578,32155244.15,60600589.35,488072,3162049,87530.03920675759,9655047.517608568,2636114.3444136274,76629402.25122896
2014/15,South East,2411,9958624.65,17938352.4,304173,962303,32081.928325857793,3367006.956930534,961376.815300466,23565294.100556858
2014/15,South West,3056,15242169.4,27856930.15,365325,1395416,40664.60927574508,2587685.4933861434,994579.7822339201,33240601.034895808
2014/15,Wales,2332,8247632.45,14728146.35,423138,970113,31030.716240522757,3399695.553442817,1034322.7275027515,20586446.347186092
2014/15,West Midlands,5364,21313285.9,37213555.9,495305,2195963,71375.96994603948,6423611.336333736,1830187.7833925146,48229998.98967229
2014/15,Yorkshire and The Humber,2770,10153358.799999999,18006688.15,311997,1036420,36858.95539719041,3053599.5329999076,1008665.8894178097,23454229.527814906
2015/16,East Midlands,3628,17656460.099999998,30787867,452104,2023738,55890.61465366342,7348320.922918899,1243689.6690044326,41911610.206576996
2015/16,East of England,2777,11352280.4,18872067.2,436387,1158253,42780.66066516629,4264026.597959879,1044926.4798941353,25818440.93851918
2015/16,London,4671,26675768.45,50937485.9,589842,2287644,71958.39609902476,6464244.786408713,1712977.3025141999,62064152.38502194
2015/16,North East,2696,6931750.85,12434516.549999999,297125,870480,41532.8272068017,4424796.865864885,1020145.614758306,19088596.85782999
2015/16,North West,4732,16105112.35,29750017.849999998,512313,1688019,72898.12253063265,9535934.845487542,2176585.987763673,43735768.80578185
2015/16,Northern Ireland,2921,5627158.1,10490532.549999999,320691,669854,44999.03125781446,6556454.153448486,1815714.6392231588,19898245.37392946
2015/16,Scotland,6513,31707241.45,59758242.75,472311,3148193,100335.05326331583,10257228.999106208,2832246.377815823,76568557.18018535
2015/16,South East,2432,9938137.1,17885613.3,311414,968499,37465.814453613406,3491988.777758414,1029438.4391842419,23724419.33139627
2015/16,South West,3076,15170531.4,27722394.7,356063,1402127,47386.860715178795,2771348.335606946,1071772.417124617,33371092.31344674
2015/16,Wales,2345,8119868.95,14502574.2,421066,968549,36125.548887221805,3733732.1109927734,1156956.64102903,20819003.500909023
2015/16,West Midlands,5434,21122428.599999998,36875521.949999996,501993,2195434,83712.67916979245,6775615.697375594,1988664.4271503007,48420941.75369568
2015/16,Yorkshire and The Humber,2764,9968531.4,17680439.45,307103,1030332,42580.391097774445,3244580.34180128,1076935.097361248,23381970.280260302
2016/17,East Midlands,3567,17043020.2,29720365.599999998,456089,1981652,191551.26325498772,7352880.974961822,1284776.9411966458,40987315.779413454
2016/17,East of England,2777,11126182.95,18497923.55,430436,1155075,149127.5183793386,4652425.436800931,1154291.7831063615,26039279.28828663
2016/17,London,4692,26057753.849999998,49724189.949999996,592436,2269935,251964.82399562723,6556231.99948041,1778190.453975292,61172948.227451324
2016/17,North East,2686,6752536.85,12113417.15,299466,859625,144240.7325772069,4490668.003214856,1070823.544327961,18978240.430120025
2016/17,North West,4745,15593443.799999999,28807822.599999998,517833,1662065,254810.97396829736,10599334.147872986,2457030.2440401316,44298895.965881415
2016/17,Northern Ireland,2898,5377485.899999999,10034709.85,318901,649033,155625.3324678874,8069152.816323443,2182852.928052854,21410274.926844183
2016/17,Scotland,6437,30486141.65,57450667.85,456270,3077036,345672.96932221914,11221995.383527316,3102060.114599796,75653702.31744933
2016/17,South East,2443,9705337.4,17470362.8,301431,959801,131191.40345722876,3322830.5609611315,1016410.7051243201,23202027.469542682
2016/17,South West,3082,14907194.6,27238159.9,348979,1394924,165506.305957912,2942875.463494625,1127349.5035006753,33217794.17295321
2016/17,Wales,2362,7797956.95,13928015.85,431667,943013,126841.62708390271,4407028.584570377,1331265.5805162613,21167831.64217054
2016/17,West Midlands,5457,20443153.65,35692491.1,491420,2156935,293046.0452992621,6746501.008098295,2027010.3303336883,47407403.48373125
2016/17,Yorkshire and The Humber,2762,9669492.049999999,17149209,313256,1014879,148322.0042361301,3373940.7326954952,1137915.1033460423,23137521.840277668
2017/18,East Midlands,3489,15990485.6,27883978,447872,1895560,195051.17855703345,7483478.091740189,1307404.299756559,39213343.57005378
2017/18,East of England,2760,10553450.4,17549983.15,425029,1118081,154296.71906489317,5084176.459506357,1229085.3520874362,25560651.680658683
2017/18,London,4810,24625229.3,46997659.4,597396,2181000,268901.16619642614,7209635.940083649,1937610.7653341019,59192203.27161418
2017/18,North East,2713,6478363.399999999,11622448.65,297705,835824,151669.20247212145,4785757.578276602,1128837.0990709588,18822241.529819682
2017/18,North West,4838,14811899.4,27366519.25,512849,1605974,270466.4952304178,11603292.41216024,2688428.410322094,44047529.567712754
2017/18,Northern Ireland,2878,4938780.5,9214255,316192,606871,160893.46285100092,9887309.638683444,2529179.883394877,22714700.984929323
2017/18,Scotland,6327,28133085.8,53024842.8,449416,2897089,353708.45707376057,12231835.616772916,3216298.1176119824,72173189.99145865
2017/18,South East,2618,9521753.549999999,17145465.599999998,317896,947712,146358.26467822114,3694313.890791686,1134580.4885666945,23386326.2440366
2017/18,South West,3143,14241186.45,26025504.849999998,348638,1350382,175708.18406556494,3266223.343017148,1200368.4046087577,32366824.78169147
2017/18,Wales,2530,7306214.1,13053175.45,424079,901267,141438.65914281877,5385563.2164330585,1581520.6165984895,21487043.942174368
2017/18,West Midlands,5785,19362541,33806897.85,491378,2069118,323408.1593443504,7536318.185918306,2280125.629807066,46507245.825069726
2017/18,Yorkshire and The Humber,2767,9012030.65,15979966.85,307067,962771,154688.0513233911,3695572.5335624996,1183660.3624393449,22283725.797325235
2018/19,East Midlands,3457,15149535.549999999,26419097.349999998,434613,1834818,201246.98000174848,7418578.05917683,1345985.3504141846,37654338.73959276
2018/19,East of England,2721,10039475.799999999,16695093.95,418648,1081325,158401.22435196923,4912990.70412659,1235737.6437798617,24502196.52225842
2018/19,London,5219,24684198.9,47102401.5,619364,2215690,303820.65045679064,8058702.957323452,2190504.1905547744,60490483.298335016
2018/19,North East,2669,6189870,11100948.15,288304,809247,155374.07857236525,4666446.210908259,1127095.4862712815,18147414.925751906
2018/19,North West,4865,14236209.7,26307365.7,512180,1564628,283212.7734187175,11306028.103777446,2697857.7142894254,42671272.291485585
2018/19,Northern Ireland,2791,4578872.649999999,8527576.549999999,317751,573199,162476.22828605148,9610047.507906867,2507867.7344098883,21698918.020602807
2018/19,Scotland,6342,26452567.8,49871596.1,452142,2783226,369195.3564278533,11993098.423996761,3282812.779101634,68752070.65952624
2018/19,South East,2773,9472825.85,17064596.599999998,331681,941390,161428.3701315732,3647437.4868751788,1190782.2682590699,23337315.72526582
2018/19,South West,3203,13778009.549999999,25166393.7,348622,1318673,186460.5371552214,3334989.699088324,1252863.5011211159,31608002.43736466
2018/19,Wales,2701,6936442,12385530.2,411217,869520,157236.93751366,5272926.765938371,1651039.6843052723,20747470.587757304
2018/19,West Midlands,6233,18882203.45,32967590.849999998,509132,2033251,362849.9931590681,7764105.452643146,2478432.667104608,46115361.96290682
2018/19,Yorkshire and The Humber,2780,8479831.2,15035301.5,314905,921448,161835.8705249814,3612427.141898488,1211119.223851809,21257036.736275278
2019/20,East Midlands,3086,13673963.6,23807241.15,403467,1680399,224434.9075545972,6383528.716475627,1215070.0440586545,33714140.818088874
2019/20,East of England,2499,9302215.549999999,15443693.35,390352,1014634,181744.2754306346,4892034.374770298,1222207.8256098349,23144665.825810768
2019/20,London,4496,21693193.4,41500379.6,569945,1988406,326979.69681317854,7438603.95629873,2069956.6498423528,53894270.902954265
2019/20,North East,2327,5404782.8,9689484.049999999,260620,723277,169235.26567710552,4363453.047729306,1084393.7356601185,16290463.09906653
2019/20,North West,4406,12874660.15,23777692.599999998,446766,1436294,320434.2847328436,11200839.343492115,2739809.995414679,39921836.22363964
2019/20,Northern Ireland,2458,3905679.4499999997,7326345.5,279376,503169,178762.47659403755,10454907.584652841,2736515.6346987495,21479076.195945628
2019/20,Scotland,5610,23600347.75,44527975.9,394015,2516400,407997.3530075471,10824824.27797728,3095600.952735062,61766813.483719885
2019/20,South East,2367,8360866.899999999,15071719.75,285395,836992,172144.33771280997,4280233.23437455,1270525.116110134,21917009.438197494
2019/20,South West,2651,11860015.15,21660197.25,315680,1151410,192798.74916631146,2718556.8567025727,1012466.8600289917,27051109.715897877
2019/20,Wales,2362,5995798.85,10722426.15,391985,768598,171780.7037083469,5662033.149673452,1660357.800828455,19377180.804210253
2019/20,West Midlands,5087,17182144.8,29990015.349999998,451186,1806798,369961.23614071164,7312317.809285818,2172630.892155488,42102909.28758202
2019/20,Yorkshire and The Humber,2534,7729207.25,13717049.25,290794,850250,184289.713461876,3603936.6482905014,1187067.977973254,19833387.589725632
2020/21,East Midlands,2588,12713200.1,22347921.2,310499,1536898,246896.68617508706,5086604.918460912,997138.4266124276,30525958.231248427
2020/21,East of England,2380,9928176.799999999,16758103.6,301258,1049911,227053.3667297941,4258843.081838884,1160137.78547112,23755306.8340398
2020/21,London,3820,20474150.599999998,39521583.85,426138,1874717,364430.1936587452,5749175.54119362,1743687.0915630932,49679731.67641546
2020/21,North East,1658,4376622.8,7905371.45,192604,578414,158174.15211680616,2335381.056137838,609652.4062650736,11779597.064519718
2020/21,North West,4130,13294961.35,24958042.55,380579,1462921,394004.3716781722,8467806.876109425,2085927.7382770737,37749281.53606467
2020/21,Northern Ireland,2004,3448093.85,6579283.899999999,228516,444156,191182.7508094569,9084088.401037622,2482114.7920154613,19009341.84386254
2020/21,Scotland,3901,18035345.9,34187607.75,296758,1918486,372157.6401734987,7516016.063720765,2136393.7319450676,46427419.18583933
2020/21,South East,2216,9293571.049999999,17099175.45,239740,903288,211407.6725517747,2813699.457581377,1071967.313775315,22339277.893908467
2020/21,South West,1942,9711476.1,17988431.849999998,234656,943951,185267.9152055715,1478920.1534881715,629374.7486180826,21460601.667311825
2020/21,Wales,2126,6313447.25,11403503.95,293198,816218,202821.62086871528,4745334.873709482,1466414.1608354957,18927490.605413694
2020/21,West Midlands,4008,15951809.75,27912682.5,358753,1666054,382365.5016189138,4735584.884776404,1522100.7745381093,36577540.66093343
2020/21,Yorkshire and The Humber,1965,6987556.75,12571024,213909,769778,187462.12841346447,2147676.4171604007,732046.9426322767,16621896.488206143
2021/22,East Midlands,2540,11862675.65,21174420.55,242150,1475322,256539.75706178666,6411470.294432072,1135743.7182198258,30695646.319713686
2021/22,East of England,2397,10653422.299999999,18324079.849999998,222379,1157809,242096.77073901676,5045381.00989998,1201914.622947852,26193660.253586847
2021/22,London,3816,20894998.349999998,40873848,330764,1989802,385415.63501881016,7653651.549523178,2028480.4932143148,53261961.6777563
2021/22,North East,1682,4644396.6,8552821.549999999,154589,627989,169881.83912516737,4558442.248939566,1050177.8931404818,15113901.531205215
2021/22,North West,4814,15400256.65,29619954.25,345425,1788404,486213.5395651342,14374944.42895335,3309115.675235163,49924056.89375365
2021/22,Northern Ireland,1647,2858308.6,5541539.3,189648,380109,166346.84247274118,10120453.011279644,2614321.17559089,19012417.329343274
2021/22,Scotland,3025,14366625.2,27592363.4,230761,1590467,305524.7106739782,8753968.567795744,2217866.186056596,40690950.86452632
2021/22,South East,2227,10003021.85,18669529.2,205132,1036288,224926.78699866097,5100770.182824454,1462034.7311890575,26698680.90101217
2021/22,South West,1848,8859640.95,16692481.049999999,185216,900646,186647.82324810303,2086734.0769164476,794050.8567363122,20845775.806900863
2021/22,Wales,1741,5900024.25,10730261.45,218661,789745,175840.8334821144,5615962.7386247115,1577263.3756292406,19107734.397736065
2021/22,West Midlands,3567,15129641.299999999,26728142.9,278132,1650708,360266.6588344067,6583705.510475272,1809431.9810111942,37410387.05032087
2021/22,Yorkshire and The Humber,2062,7601102.05,13968220.85,184036,873398,208261.80278008035,4105022.8408070584,1234429.6364780026,20573369.13006514
2022/23,East Midlands,2715,12020066.75,21560426.8,193899,1530908,336101.5916008239,8378652.442766454,1590515.0975350202,33590502.9319023
2022/23,East of England,2111,10223910.5,17618086,162675,1129842,261329.81947305315,4973687.175887161,1281280.2650309268,25426900.260391142
2022/23,London,3830,20752876.65,40518126.4,287887,2060047,474132.2636578842,8419587.4269039,2260811.829443334,54020591.92000511
2022/23,North East,1745,4802677.649999999,8882068.2,138776,667198,216021.09662741722,3960988.179005751,964559.3006412595,14829610.776274428
2022/23,North West,5278,17915963.4,34703796.6,366390,2137432,653386.4458449903,14339385.1684104,3343421.671357106,55543811.885612495
2022/23,Northern Ireland,1785,2745436.25,5356213.8,165462,389222,220972.86961601133,13171748.91250824,3466654.919319631,22770274.50144388
2022/23,Scotland,3039,12627022,24413756.099999998,219358,1484903,376210.95280843606,11177732.298013538,2867764.3684737147,40539724.71929569
2022/23,South East,2204,10369834.25,19340671.349999998,177972,1126752,272842.6916715344,6245597.8512393385,1763847.8435010016,28927683.736411873
2022/23,South West,2271,10750442.15,20179379.099999998,152754,1137203,281136.9114274295,3031300.5158344284,1156895.304470621,25938668.831732478
2022/23,Wales,1688,5767504.149999999,10456564.85,145655,825192,208964.82011867064,7270045.747653714,1961366.554020376,20867788.97179276
2022/23,West Midlands,3577,15095031.85,26745376.65,240318,1726991,442812.2995050266,6711074.030291617,1890536.2292568686,37757108.20905351
2022/23,Yorkshire and The Humber,2284,8036719.399999999,14858107.1,182914,957271,282746.2376487226,5145390.241517182,1521412.3416681837,22947840.920834087
2023/24,East Midlands,2518,10557264.35,18766967.25,141160,1392758,391191.53486571787,6074660.598471485,1253007.9575527932,28019745.340889998
2023/24,East of England,1860,9218856.049999999,15636497.15,118364,1044866,288965.94712082413,4120690.4943694165,1130792.792209643,22340176.383699883
2023/24,London,4050,22023202.5,41894384.35,250637,2237909,629200.0461501817,8657967.3616428,2437043.0000109375,56107140.757803924
2023/24,North East,2047,5907724.399999999,10768227.549999999,122915,825150,318017.89986899303,4288203.886354243,1107801.8205114265,17430316.15673466
2023/24,North West,5352,20023980.4,38068908.35,342219,2419428,831476.2091347586,12353955.147741,2976120.783777011,56992107.49065277
2023/24,Northern Ireland,1699,2700753.4499999997,5200770.05,135015,390874,263953.3033109034,12474069.90722121,3400243.709052003,21864925.969584115
2023/24,Scotland,3279,12353025.35,23552871.849999998,203838,1525009,509419.0003275174,11565458.431392616,3134032.4578094976,40490628.73952963
2023/24,South East,2452,12004724.25,21953063.05,148348,1328576,380937.9044840112,4662488.085125041,1538580.027067481,30011993.066676535
2023/24,South West,2553,12466798.7,22950656.2,136613,1341854,396629.06612874416,4101532.9413754386,1502883.518378145,30430168.725882325
2023/24,Wales,1675,5701998.899999999,10164475.95,134426,842732,260224.7104448282,7664248.2421608595,2219838.820019893,21285945.72262558
2023/24,West Midlands,3569,14730313.85,25728017.599999998,201831,1741363,554472.8307925921,7141397.599706967,2051641.71128031,37418723.741779864
2023/24,Yorkshire and The Humber,2532,8836106.15,16104558.15,192364,1087538,393366.5473709284,5931623.723128464,1781800.3066117703,25491250.727111164
2024/25,East Midlands,1849,7563465.75,12250524.7,101961,1029455,327373.8887991006,3396122.7080714502,817488.4633189056,17922925.760189455
2024/25,East of England,1151,5987921.05,9763520.75,77934,695769,203789.80314103013,1976109.9791348905,598788.8905373773,13315912.422813298
2024/25,London,3536,18519004.4,29433585.8,182198,1938869,626064.9382334341,9915216.3991604,2904356.6758848145,45000290.81327865
2024/25,North East,1773,4990693.399999999,8399191.7,112375,727141,313917.74193661724,3012894.4711060226,874139.557473157,13439659.470515797
2024/25,North West,4783,18292824.5,29448949.55,271425,2246199,846851.9795165483,13851360.749369131,3791012.1727641434,50455798.45164982
2024/25,Northern Ireland,1610,2466973.6999999997,3838468.25,106995,363016,285057.84800787014,11961792.467950853,3551233.1230880097,20106562.689046733
2024/25,Scotland,3164,10959299.9,17715719.55,160265,1400444,560200.6404328578,13202389.955519628,3771908.8968284074,36810928.04278089
2024/25,South East,1896,9857868.2,16089543.75,100701,1107414,335695.4533061626,1946048.197679391,767424.7056942184,20346827.10667977
2024/25,South West,2220,11139496.5,18145862.05,108991,1223623,393061.1320356967,2211075.540885585,963068.6006222724,23045681.323543556
2024/25,Wales,1603,5272565.3,7659642.399999999,98417,804160,283818.46606000984,7958907.445850073,2497259.2783577526,19302204.590267837
2024/25,West Midlands,2630,11403014.35,17536041.45,134778,1377026,465653.5032675146,4730670.635923592,1469634.7797457522,25713804.36893686
2024/25,Yorkshire and The Humber,2247,7767448.75,12425385.85,156997,977818,397841.60526315786,5060629.654971536,1663302.473714937,20681974.58394963
2025/26,East Midlands,789,3993541.4,6166971,52408,550357,99447.32759699624,NA,NA,6869183.327596996
2025/26,East of England,464,2975162.35,4707739.45,39389,348911,58483.59949937421,NA,NA,5154523.049499375
2025/26,London,1604,10582804.299999999,15659235.5,97308,1117511,202171.75344180223,NA,NA,17076226.253441803
2025/26,North East,806,2884938.25,4714158.649999999,64744,424975,101590.04568210265,NA,NA,5305467.695682102
2025/26,North West,2169,10746506.65,16337994.5,150124,1321130,273385.61921151436,NA,NA,18082634.119211514
2025/26,Northern Ireland,739,1470969.2,2140460.65,58043,216822,93145.21558197748,NA,NA,2508470.865581977
2025/26,Scotland,1470,6422089.149999999,9807157.2,89374,827977,185282.09324155192,NA,NA,10909790.293241551
2025/26,South East,838,5700105.95,8926654.95,50755,639504,105623.39737171466,NA,NA,9722537.347371714
2025/26,South West,1005,6627546.899999999,10383418.95,60223,730764,126672.45150187735,NA,NA,11301078.401501877
2025/26,Wales,743,3134801.6999999997,4267107.1,54661,481992,93649.38454317897,NA,NA,4897409.484543178
2025/26,West Midlands,1135,6322543.1,9205582.45,69628,767452,143057.94274092617,NA,NA,10185720.392740926
2025/26,Yorkshire and The Humber,1022,4489382.95,6849954.5,89084,569763,128815.16958698373,NA,NA,7637616.6695869835
2026/27,East Midlands,248,1536749,2112470.15,20821,217225,NA,NA,NA,2350516.15
2026/27,East of England,135,1122062.05,1685577.2,15206,133721,NA,NA,NA,1834504.2
2026/27,London,546,4888389.95,6330261.95,37769,520165,NA,NA,NA,6888195.95
2026/27,North East,272,1336102.25,2073198.45,29983,199806,NA,NA,NA,2302987.45
2026/27,North West,744,5060190.25,6881383.25,61839,624709,NA,NA,NA,7567931.25
2026/27,Northern Ireland,258,698514.7,884530.4,24940,102217,NA,NA,NA,1011687.4
2026/27,Scotland,514,3009102.85,4110894.1,36639,391029,NA,NA,NA,4538562.1
2026/27,South East,271,2638122.05,3833477.9,19299,294903,NA,NA,NA,4147679.9
2026/27,South West,337,2986499.65,4292477.05,26455,331973,NA,NA,NA,4650905.05
2026/27,Wales,261,1528023.75,1847373.8499999999,25516,234710,NA,NA,NA,2107599.8499999996
2026/27,West Midlands,358,2701189.5,3489135.25,25020,329607,NA,NA,NA,3843762.25
2026/27,Yorkshire and The Humber,348,2098821.6999999997,2936950.6,38279,268535,NA,NA,NA,3243764.6
2027/28,East Midlands,43,353680.75,339590.3,5818,50756,NA,NA,NA,396164.3
2027/28,East of England,20,181361.94999999998,224080.4,3202,22301,NA,NA,NA,249583.4
2027/28,London,102,1280309.95,1032948.9,7787,139680,NA,NA,NA,1180415.9
2027/28,North East,49,301257,380063.89999999997,9485,48297,NA,NA,NA,437845.89999999997
2027/28,North West,142,1452927.95,1453953.05,16252,181441,NA,NA,NA,1651646.05
2027/28,Northern Ireland,51,213737.6,187342.55,7493,31389,NA,NA,NA,226224.55
2027/28,Scotland,100,848867.7999999999,837246.6,8896,111997,NA,NA,NA,958139.6
2027/28,South East,46,623875.35,676757.25,4115,70182,NA,NA,NA,751054.25
2027/28,South West,62,782804.95,870626.1,6741,88729,NA,NA,NA,966096.1
2027/28,Wales,51,485429.89999999997,440164,4710,75251,NA,NA,NA,520125
2027/28,West Midlands,60,645861.45,546592.5,4332,79917,NA,NA,NA,630841.5
2027/28,Yorkshire and The Humber,65,566836.95,609415.15,8668,73226,NA,NA,NA,691309.15
2014/15,Belfast City Region,1799,3437939.75,6454658.6,172970,408113,23938.906329690348,3147885.357605566,897989.3329729628,11105555.196908219
2014/15,Bristol,1129,6685879.85,12151145.25,123838,597560,15023.36033697632,886551.0767047734,371269.5393468048,14145387.226388555
2014/15,Cardiff City Region,1317,4528721.8,8115019.7,318794,523211,17525.035928961748,1715425.4538060445,535272.0729878052,11225247.262722813
2014/15,Edinburgh,825,3688040.35,6955784.6,107542,364494,10978.097677595628,1475965.4218682037,353661.90536694275,9268426.024912741
2014/15,Glasgow City Region,2801,14661180.799999999,27608541.45,147697,1386563,37272.304963570125,3683811.319562702,1018224.3192925919,33882109.39381886
2014/15,Greater Birmingham and The Black Country,3098,12638595.6,22049617.95,257575,1302648,41224.420127504556,3477920.2277593566,1039856.5553249938,28168842.153211854
2014/15,Greater London,4666,26829073.599999998,51230642.4,586921,2278502,62089.45910746812,6099464.18179247,1604810.0684502807,61862429.10935022
2014/15,Greater Manchester,2000,7170207.3,13297337.95,215484,733012,26613.570127504554,3840409.354805329,846675.6568030792,18959532.531735912
2014/15,Leeds City Region,1612,6183632.7,10941395.5,203128,622892,21450.53752276867,1712878.0953442336,565456.5883818544,14067200.721248856
2014/15,Liverpool City Region,1339,5035745.1,9279165.25,143833,521651,17817.7852003643,2347207.5840312233,533762.8472181028,12843437.466449691
2014/15,Newcastle Met Area,854,2166338.9,3890514.6,116941,300182,11363.994444444445,1326746.489168118,301845.15394049167,5947593.2375530545
2014/15,Nottinghamshire and Derby,975,4765122.95,8312586.899999999,178905,524414,12974.11543715847,1622111.4548559813,284740.59521719714,10935732.065510336
2014/15,NA,21505,84175171.89999999,150351556.4,2408596,8824885,286162.4127959927,33761984.20736834,8546745.533825021,204179929.55398935
2015/16,Belfast City Region,1779,3404456.55,6359739.95,176575,406138,27406.1200300075,3489590.2572588483,997946.0897407922,11457395.417029649
2015/16,Bristol,1132,6677165.649999999,12133353.049999999,119182,602433,17438.857714428606,930997.7009488515,390814.8939129745,14194219.502576254
2015/16,Cardiff City Region,1324,4469300.85,8011304.399999999,315639,524110,20396.685171292822,1908359.731957343,601452.2475675235,11381262.06469616
2015/16,Edinburgh,830,3682803.5,6946617.35,106412,367722,12786.4416104026,1610713.5860693636,389782.3578656483,9434033.735545414
2015/16,Glasgow City Region,2784,14458243.299999999,27232239.65,140432,1381333,42888.49812453113,3767452.439369131,1072804.953171943,33637150.540665604
2015/16,Greater Birmingham and The Black Country,3137,12535063.9,21867328.65,258988,1303713,48326.5871467867,3734171.026600347,1140952.3322954737,28353479.596042607
2015/16,Greater London,4671,26675768.45,50937485.9,589842,2287644,71958.39609902476,6464244.786408713,1712977.3025141999,62064152.38502194
2015/16,Greater Manchester,1996,7097231.399999999,13154003.299999999,219532,731899,30749.08127031758,3998509.5960750226,908115.453623411,19042808.43096875
2015/16,Leeds City Region,1612,6087788.399999999,10773333.5,201038,621179,24833.42635658915,1793126.1512799726,605066.1237331652,14018576.201369727
2015/16,Liverpool City Region,1348,5009359.399999999,9216796.5,145410,522272,20766.41360340085,2531328.3812686466,580801.5266209991,13017374.821493046
2015/16,Newcastle Met Area,867,2138936.6,3841197.6,118115,302250,13356.439609902476,1448454.5357865577,331960.3392153799,6055333.914611841
2015/16,Nottinghamshire and Derby,976,4730862.85,8253884.2,179402,526271,15035.622905726432,1695607.2859217494,302016.7938429195,10972216.902670396
2015/16,NA,21533,83408290,148969987.65,2407846,8839215,331723.4303575894,35495716.95578507,9135362.678718738,205179851.7148614
2016/17,Belfast City Region,1758,3230300.9,6031259.149999999,176865,390355,94404.10754059533,4056770.309370224,1142669.6232764577,11892323.190187275
2016/17,Bristol,1134,6600881.55,11996553.2,118415,602753,60895.48233847275,1002559.1782215947,409416.9940079772,14190592.854568044
2016/17,Cardiff City Region,1334,4347834.149999999,7793298.95,327376,517073,71635.42631351204,2143751.289250167,662991.3902967889,11516126.05586047
2016/17,Edinburgh,828,3596518.3,6783636.649999999,105962,366555,44463.36805666264,1823175.21839986,444811.75348995713,9568603.989946479
2016/17,Glasgow City Region,2737,13812137.9,25999208.4,142284,1340221,146976.13329841263,3993670.8906991887,1141084.7832996526,32763445.20729725
2016/17,Greater Birmingham and The Black Country,3145,12115758.9,21142878.75,253583,1280956,168885.6190074928,3486765.6875544637,1113614.223701698,27446683.280263655
2016/17,Greater London,4692,26057753.849999998,49724189.949999996,592436,2269935,251959.08565442165,6556231.99948041,1778190.453975292,61172942.48911012
2016/17,Greater Manchester,1999,6843248,12683870.85,222738,717245,107345.74003051767,4432476.488408211,1020108.6650701986,19183784.743508928
2016/17,Leeds City Region,1621,5926969.25,10487598.35,208556,614214,87047.24591769342,1821353.066915596,630766.3107684191,13849534.973601708
2016/17,Liverpool City Region,1336,4825543.5,8886684.549999999,143472,511378,71742.82575326243,2697656.9798716838,630766.3107684191,12941700.666393364
2016/17,Newcastle Met Area,868,2152897,3866213.1,118206,305971,46611.3568516705,1480634.5088157316,346023.39493577427,6163659.360603176
2016/17,Nottinghamshire and Derby,948,4487453.45,7829592.25,177012,507773,50907.33444168622,1686542.0302232937,306930.6755079158,10558757.290172895
2016/17,NA,21509,80962401.39999999,144602351.04999998,2371280,8705793,1155027.2747956,38554277.46479127,10042602.653021479,205431331.44260833
2017/18,Belfast City Region,1739,2956325.5,5524240.95,177457,362883,97215.93703396853,4774674.71651894,1275554.5943711158,12212026.197924025
2017/18,Bristol,1131,6282465.6,11418235.299999999,118329,581286,63226.69625383462,1126310.9759520097,425532.94900223473,13732920.921208078
2017/18,Cardiff City Region,1361,4008914.5,7187453.8,319840,487430,76084.46825947738,2457575.7972239186,731498.9712296084,11259883.036713004
2017/18,Edinburgh,832,3422479.1,6456216.649999999,111198,355784,46511.592646499026,1946453.0349169404,463126.0438834137,9379289.321446853
2017/18,Glasgow City Region,2669,12691468.15,23891171,139756,1255338,149206.05862200228,4345200.975774916,1176350.5939902267,30957022.628387146
2017/18,Greater Birmingham and The Black Country,3279,11247300.299999999,19629363.65,253119,1208546,183307.10611522873,3842385.763893499,1223864.0889094947,26340585.60891822
2017/18,Greater London,4810,24625229.3,46997659.4,597396,2181000,268895.1449875725,7209635.940083649,1937610.7653341019,59192197.25040532
2017/18,Greater Manchester,2054,6466051.149999999,11984597.95,223220,688672,114825.49434604448,4890744.575284477,1128314.9727531646,19030374.992383685
2017/18,Leeds City Region,1619,5551293.899999999,9819275.65,204806,584839,90507.53424841577,2002128.7486431422,651091.5182893088,13352648.451180868
2017/18,Liverpool City Region,1346,4585083.6,8449102,138274,494478,75245.91791128328,2847637.8927593543,667799.5604587217,12672537.37112936
2017/18,Newcastle Met Area,892,2099811.9499999997,3770684.15,121357,302459,49865.794039275395,1543504.5296073172,361311.4119135539,6149181.8855601465
2017/18,Nottinghamshire and Derby,927,4223769,7369403.1,178633,487703,51822.411518394954,1685566.1532437035,303877.51695619704,10077005.181718295
2017/18,NA,22000,76814828.1,137173294.1,2352132,8386581,1229873.844018003,43191657.80304423,11071166.442507217,203404705.18956944
2018/19,Belfast City Region,1676,2740746.8,5103735.75,184683,342150,97569.36952768124,4656581.077245753,1264637.528043228,11649356.724816663
2018/19,Bristol,1123,5991106.85,10870559.9,114809,560951,65376.13483268857,1156260.9749042718,437244.5452438922,13205201.554980854
2018/19,Cardiff City Region,1405,3765650.4499999997,6747090.899999999,309414,465894,81792.93805870654,2386912.7711941935,756213.6382247487,10747318.247477649
2018/19,Edinburgh,818,3231195.9499999997,6096383.6,112331,342745,47620.372478307436,1903190.4362917868,462933.33125577326,8965203.740025867
2018/19,Glasgow City Region,2723,12037695.75,22661867,145453,1218187,158521.1176753437,4416418.107319937,1249117.2198277165,29849563.444822997
2018/19,Greater Birmingham and The Black Country,3517,10816119.95,18875321,260511,1180228,204744.3154110113,4023428.344647288,1340633.5199950428,25884866.180053342
2018/19,Greater London,5219,24684198.9,47102401.5,619364,2215690,303827.29090988566,8058702.957323452,2190504.1905547744,60490489.938788116
2018/19,Greater Manchester,2140,6344133.95,11759795.049999999,228659,682649,124581.41455205122,4861148.530880489,1162952.7500795322,18819785.745512072
2018/19,Leeds City Region,1627,5240238.95,9268213.85,211243,561971,94716.80442812493,1940660.494223041,665767.7041412508,12742572.852792416
2018/19,Liverpool City Region,1310,4306501.2,7939838.95,130765,472183,76262.45470242389,2685712.7061736607,647571.4807161683,11952333.591592252
2018/19,Newcastle Met Area,895,2044347.75,3670052.65,121883,296779,52102.974777610216,1519089.3361912856,362854.10241781996,6022761.063386716
2018/19,Nottinghamshire and Derby,902,3997408.9,6976319.75,173540,470031,52510.484077546826,1638006.2298762607,307195.0660587443,9617602.530012552
2018/19,NA,22398,73680696.2,131571911.39999999,2345903,8139883,1303913.3285686185,42351666.54738829,11324473.166904235,197037750.44286114
2019/20,Belfast City Region,1473,2310210.75,4333448.75,160658,297410,107131.95002632833,4717523.329648143,1296880.0018375695,10913052.03151204
2019/20,Bristol,879,5105036.25,9278554.95,99083,484573,63930.06386499837,930039.8964102947,353594.7168430969,11209775.62711839
2019/20,Cardiff City Region,1230,3214392.3,5762033.55,292523,407539,89458.45114214788,2555491.595508041,769233.2271695322,9876278.823819721
2019/20,Edinburgh,751,2915419.25,5499842.55,92419,314888,54620.56651036835,1853968.3363153622,465053.9210653774,8280792.373891108
2019/20,Glasgow City Region,2430,10734870.15,20235536.05,133332,1107281,176734.98884180438,3876434.6414145557,1172243.354751571,26701562.03500793
2019/20,Greater Birmingham and The Black Country,2902,9799997.65,17092842.95,236085,1061954,211063.7603370026,4355647.027149969,1306214.0238660364,24263806.76135301
2019/20,Greater London,4496,21693193.4,41500379.6,569945,1988406,326996.0945813796,7438603.95629873,2069956.6498423528,53894287.300722465
2019/20,Greater Manchester,1835,5560882.75,10291784.7,185126,606417,133460.37223239138,4429788.929243903,1087688.096376048,16734265.097852342
2019/20,Leeds City Region,1480,4758750.5,8431521.45,194488,518774,107641.06316290965,1995269.2722125282,667108.0449757185,11914801.830351155
2019/20,Liverpool City Region,1223,3958389.65,7301101.35,117324,439842,88949.33800556656,2862653.5327399718,703895.0729702642,11513765.293715803
2019/20,Newcastle Met Area,760,1769782.45,3175713.9,105785,262569,55275.14054311577,1313711.4753461904,325043.5906383748,5238098.1065276805
2019/20,Nottinghamshire and Derby,820,3640461.6,6341218.45,165601,433518,59638.96742809859,1393261.6838120949,280569.7209733269,8673807.822213521
2019/20,NA,19602,66121488.1,117990243.35,2127212,7355403,1425662.2433238886,41412875.323623314,10969123.063806504,181280518.9807537
2020/21,Belfast City Region,1232,2083827.7,3977874.1999999997,130238,268251,117526.32767257177,4621223.810754092,1310375.62868963,10425488.967116294
2020/21,Bristol,583,3665408.25,6731556.3,68361,347251,55615.13720219914,482547.0553865112,188522.39013905698,7873852.882727767
2020/21,Cardiff City Region,1092,3356608.35,6069344.25,212326,433852,104171.063164325,1975137.572958492,638075.782009116,9432906.668131933
2020/21,Edinburgh,653,2816060.1999999997,5354848.7,69460,297556,62292.769456322545,1774624.5885563947,501179.5233235238,8059961.581336241
2020/21,Glasgow City Region,1504,7415319.25,14029810.15,90749,771237,143473.69871716553,2052512.8730100594,577168.5482718822,17664951.26999911
2020/21,Greater Birmingham and The Black Country,2329,9208826.9,16112782.75,191820,978947,222174.36456933417,2674631.039810389,873583.7524597533,21053938.906839475
2020/21,Greater London,3820,20474150.599999998,39521583.85,426138,1874717,364407.9315821625,5749175.54119362,1743687.0915630932,49679709.41433888
2020/21,Greater Manchester,2052,6042298.95,11359963.549999999,165726,659110,195750.019792303,4286358.32244846,1098070.413948415,17764978.306189176
2020/21,Leeds City Region,1086,3914885.8,7016920.85,138088,431209,103598.69468540013,906387.9425853551,334119.6822156826,8930324.169486437
2020/21,Liverpool City Region,997,3791974.1,7111243.649999999,104573,413595,95108.56224801466,1687604.8577996003,407208.3627003631,9819333.432747977
2020/21,Newcastle Met Area,507,1409242.2,2545738.9499999997,74897,204874,48365.136469150886,795163.8906459728,193162.94128094148,3862201.918396065
2020/21,Nottinghamshire and Derby,670,3268449.75,5743995.7,121015,384520,63914.480146609654,1016874.0722489033,207084.59470659491,7537403.847102108
2020/21,NA,16215,63081357.699999996,113657070.85,1683218,6904115,1546825.8142944411,30396890.15781705,8564717.201240543,162752837.02335203
2021/22,Belfast City Region,1033,1766307.65,3424814.9,117457,234372,104329.57499920299,4635619.558789015,1253824.5568293205,9770417.590617537
2021/22,Bristol,565,3104745.6999999997,5813983.85,47475,304968,57063.12669365894,724017.4827628733,267535.81308141554,7215043.272537948
2021/22,Cardiff City Region,892,3100104.6999999997,5639684.55,149037,419022,90089.04249689163,2455250.9873284693,697646.6938135846,9450730.273638945
2021/22,Edinburgh,618,2709395.4,5226773.25,45604,302127,62415.95096757739,1629148.6948594619,411286.3992147134,7677355.295041753
2021/22,Glasgow City Region,1154,5696968.6,10929263.45,75088,621573,116550.17381324322,3289280.360256861,847101.6682855054,15878856.65235561
2021/22,Greater Birmingham and The Black Country,2112,9137688.7,16152450.549999999,152230,991324,213304.99748142954,3738212.4491369743,1047325.6989711703,22294847.695589572
2021/22,Greater London,3816,20894998.349999998,40873848,330764,1989802,385403.3477221283,7653651.549523178,2028480.4932143148,53261949.39045962
2021/22,Greater Manchester,2710,7399922.35,14254528.9,138975,870066,273701.0147607358,7999676.087189817,1884729.9070810168,25421676.90903157
2021/22,Leeds City Region,1146,4063057.8,7447164.5,109844,469455,115742.20033793477,2415377.188759944,734154.7791807713,11291737.66827865
2021/22,Liverpool City Region,917,3723527,7134597.399999999,95328,423393,92613.95960723053,2964630.7806681213,671976.9462897814,11382540.086565133
2021/22,Newcastle Met Area,471,1251412.5,2296596.3,56141,189051,47569.43835878471,1679305.6504067227,386187.09052477253,4654850.47929028
2021/22,Nottinghamshire and Derby,707,3169874.4,5663620.55,81899,386436,71404.65588038384,1806327.191697888,318304.86929515965,8327992.266873431
2021/22,NA,15226,62156111.449999996,113610337,1387054,7063374,1537775.5168807984,39420008.47909215,9886275.429667402,172904824.42564034
2022/23,Belfast City Region,1068,1642968.4,3207959.5,103810,229830,132216.40361556908,6601895.7680760855,1772485.6879843562,12048197.35967601
2022/23,Bristol,675,3266425.9,6118482.75,45039,338699,83563.73824017709,837095.8984472711,326510.5214708025,7749390.908158251
2022/23,Cardiff City Region,982,3258178.35,5901990.3,96575,474974,121569.7643731169,2860476.4593972717,821746.9385164641,10277332.462286852
2022/23,Edinburgh,676,2675172.6999999997,5183796.399999999,39330,321081,83687.53637090328,1937642.1539878135,490629.56665453914,8056166.657013255
2022/23,Glasgow City Region,1199,5000742.95,9666972.65,77708,581060,148433.95874069975,4167906.2954999716,1092399.398994907,15734480.30323558
2022/23,Greater Birmingham and The Black Country,2083,9183066.799999999,16282085.75,133029,1035049,257871.5063026502,3546976.3925021067,1021569.0742313996,22276580.723036155
2022/23,Greater London,3830,20752876.65,40518126.4,287887,2060047,474146.84068130114,8419587.4269039,2260811.829443334,54020606.49702854
2022/23,Greater Manchester,2915,8873206.1,17200536.25,159835,1074369,360871.5510668388,7872671.555360821,1840436.731253412,28508720.087681074
2022/23,Leeds City Region,1244,4072781.8,7522876.55,96771,486603,154004.87462337821,3025700.7319884873,882211.849899946,12168168.006511811
2022/23,Liverpool City Region,970,3979790.1,7688414.05,87969,460395,120084.18680440263,3148023.782511831,744582.1944651633,12249468.213781396
2022/23,Newcastle Met Area,481,1203571.0999999999,2221278.65,41340,190369,59546.90087929656,1124942.4155936195,266045.6100873205,3903522.5765602365
2022/23,Nottinghamshire and Derby,834,3424936.4499999997,6154552.5,65016,435145,103247.64102564102,2344452.680706326,401947.6966254323,9504361.5183574
2022/23,NA,15569,63773766.85,116965499.5,1199751,7491983,1927413.0972760252,46937818.42905623,12147688.625090964,186670153.65142322
2023/24,Belfast City Region,1031,1584087.2,3054402.75,88885,225314,160174.135205145,5787535.812408565,1637199.1951414093,10953510.89275512
2023/24,Bristol,852,4008590.65,7348408.95,38577,429922,132365.04674566785,1657621.5854863098,575984.3435974212,10182878.9258294
2023/24,Cardiff City Region,999,3284345.6,5853530.95,82998,489221,155202.67805037813,4387432.563888909,1278419.0315350324,12246804.22347432
2023/24,Edinburgh,725,2735914.55,5218830,42547,340032,112634.57616268683,2220470.191464417,623781.363706871,8558295.131333975
2023/24,Glasgow City Region,1444,5311297.25,10104043.5,72695,645006,224337.00410885486,5619649.641773399,1507118.6973751849,18172849.84325744
2023/24,Greater Birmingham and The Black Country,2090,9312530.299999999,16264550.25,105499,1075064,324698.295420711,4318936.265446405,1209446.1164403833,23298193.927307498
2023/24,Greater London,4050,22023202.5,41894384.35,250637,2237909,629200.0461501817,8657967.3616428,2437043.0000109375,56107140.757803924
2023/24,Greater Manchester,2701,9598811.15,18285218.7,155230,1171498,419622.0554695409,6173568.373048118,1521034.285508316,27726171.414025974
2023/24,Leeds City Region,1392,4516061.05,8218295.55,96065,554897,216258.38623235872,3258560.7982083783,998292.1921593959,13342368.926600132
2023/24,Liverpool City Region,1072,4494571.35,8502691.1,73273,535317,166543.81468469006,2602048.019485569,608655.7244317286,12488528.658601988
2023/24,Newcastle Met Area,626,1510266.4,2739014.5,33477,245626,97254.13059012685,1123756.5298297056,294647.45307977323,4533775.613499606
2023/24,Nottinghamshire and Derby,794,3108926,5533131.1,50983,407464,123354.28065265289,1523135.8331070151,301302.73436083586,7939370.948120504
2023/24,NA,15810,65036143.5,117772894.95,1036863,7825204,2456210.5505270055,41705613.44289995,11540862.766933622,182337648.7103606
2024/25,Belfast City Region,1009,1442523.95,2230031.1,73630,207974,178641.77855461478,5772480.895042815,1770017.3254938754,10232775.099091306
2024/25,Bristol,819,3956541.75,6132286.75,29916,433284,145002.59329656046,820033.2404811641,366914.64469672076,7927437.228474446
2024/25,Cardiff City Region,942,3066828.05,4507976.7,59957,468157,166779.53954256405,2719243.683123947,936719.2545040159,8858833.177170528
2024/25,Edinburgh,703,2468779.9499999997,3916618.9499999997,34181,319580,124464.98545480096,1900275.0096003837,552018.8011774721,6847138.746232657
2024/25,Glasgow City Region,1514,5064573.7,8037274.45,58503,632943,268051.19200365385,8186716.279815657,2327305.995894999,19510793.91771431
2024/25,Greater Birmingham and The Black Country,1692,7729184.3,11435151.15,73709,911285,299565.79714014684,3223876.8998659695,1003910.0871055698,16947497.93411169
2024/25,Greater London,3536,18519004.4,29433585.8,182198,1938869,626042.9424867372,9915216.3991604,2904356.6758848145,45000268.81753195
2024/25,Greater Manchester,2193,8344659.1,13292634.9,123084,1029758,388267.0172153322,5617237.6156248255,1541436.747918001,21992418.280758157
2024/25,Leeds City Region,1347,4218537.25,6484926.25,83205,531189,238484.11864525877,3371341.4087961693,1104037.6023549442,11813183.379796373
2024/25,Liverpool City Region,1050,4366823.149999999,6831066.649999999,52980,530272,185900.76063661597,4623171.585706309,1258840.0107997009,13482231.007142626
2024/25,Newcastle Met Area,648,1499139.9,2423181.6999999997,31438,251157,114727.32656431157,1055369.251270459,292477.74191264634,4168351.0197474165
2024/25,Nottinghamshire and Derby,634,2440604.15,3739504.4499999997,36355,329680,112248.64975582334,1148035.7057925595,272715.732323954,5638539.537872337
2024/25,NA,12376,51103377,84242198.64999999,773880,6311020,2191150.29870358,30870220.231341895,9338866.997963035,133727336.1780085
2025/26,Belfast City Region,467,854871.35,1230071.55,40022,123340,58852.5190051619,NA,NA,1452286.069005162
2025/26,Bristol,382,2418963.15,3576834.85,16509,266497,48140.604411074615,NA,NA,3907981.4544110745
2025/26,Cardiff City Region,434,1836889.95,2546620.4,33279,281477,54693.775692163304,NA,NA,2916070.1756921634
2025/26,Edinburgh,327,1450344.8,2160328.55,20380,189227,41209.365556076955,NA,NA,2411144.915556077
2025/26,Glasgow City Region,718,3037827.75,4557813.05,32118,382388,90484.17268887846,NA,NA,5062803.222688878
2025/26,Greater Birmingham and The Black Country,751,4391270,6088129.25,38234,521082,94642.91600187705,NA,NA,6742088.166001877
2025/26,Greater London,1604,10582804.299999999,15659235.5,97308,1117511,202140.12951665887,NA,NA,17076194.629516657
2025/26,Greater Manchester,963,4788561.7,7123481.95,69891,589842,121359.6912247771,NA,NA,7904574.641224777
2025/26,Leeds City Region,625,2477884.3,3596977.3,47948,314260,78764.07789770061,NA,NA,4037949.3778977003
2025/26,Liverpool City Region,490,2646498.8,3912271.1999999997,27618,322236,61751.03707179728,NA,NA,4323876.237071797
2025/26,Newcastle Met Area,308,921541.1,1444008.9,17933,155163,38814.93758798686,NA,NA,1655919.8375879868
2025/26,Nottinghamshire and Derby,277,1330842.45,1904726.75,19822,181786,34908.23932426091,NA,NA,2141242.989324261
2025/26,NA,5440,28612093.95,45365933.1,414678,3554812,685562.5340215861,NA,NA,50020985.63402159
2026/27,Belfast City Region,165,410601,513447.6,17917,58787,NA,NA,NA,590151.6
2026/27,Bristol,133,1175896.8,1586033.7,6251,130224,NA,NA,NA,1722508.7
2026/27,Cardiff City Region,151,880243.85,1085943,15165,134363,NA,NA,NA,1235471
2026/27,Edinburgh,115,695266,921833.5,8968,90942,NA,NA,NA,1021743.5
2026/27,Glasgow City Region,257,1460557.55,1963092.8499999999,12681,185380,NA,NA,NA,2161153.8499999996
2026/27,Greater Birmingham and The Black Country,248,1987653.5999999999,2414992.8,14270,236291,NA,NA,NA,2665553.8
2026/27,Greater London,546,4888389.95,6330261.95,37769,520165,NA,NA,NA,6888195.95
2026/27,Greater Manchester,321,2170276.1,2796962.4,28215,267759,NA,NA,NA,3092936.4
2026/27,Leeds City Region,219,1202446.55,1579849.0999999999,21721,153859,NA,NA,NA,1755429.0999999999
2026/27,Liverpool City Region,172,1299525.9,1726890.5999999999,11104,159528,NA,NA,NA,1897522.5999999999
2026/27,Newcastle Met Area,110,464161.2,690176.2,8806,78460,NA,NA,NA,777442.2
2026/27,Nottinghamshire and Derby,90,542594.95,656255.25,7536,75297,NA,NA,NA,739088.25
2026/27,NA,1766,12426153.4,18211990.349999998,171360,1558582,NA,NA,NA,19941932.349999998
2027/28,Belfast City Region,33,127862.95,110919.9,5505,18324,NA,NA,NA,134748.9
2027/28,Bristol,25,335052.14999999997,340258.39999999997,1537,37416,NA,NA,NA,379211.39999999997
2027/28,Cardiff City Region,29,278879.05,262717.14999999997,2803,43103,NA,NA,NA,308623.14999999997
2027/28,Edinburgh,22,206661.35,199336.05,1937,27654,NA,NA,NA,228927.05
2027/28,Glasgow City Region,50,415829.35,397550.1,3071,53735,NA,NA,NA,454356.1
2027/28,Greater Birmingham and The Black Country,45,526018.25,411607.39999999997,3383,63287,NA,NA,NA,478277.39999999997
2027/28,Greater London,102,1280309.95,1032948.9,7787,139680,NA,NA,NA,1180415.9
2027/28,Greater Manchester,60,601546.7,505563.85,7262,74956,NA,NA,NA,587781.85
2027/28,Leeds City Region,42,346419.2,337214.55,5690,44987,NA,NA,NA,387891.55
2027/28,Liverpool City Region,34,392579.3,391903.55,2846,48362,NA,NA,NA,443111.55
2027/28,Newcastle Met Area,21,133159.3,169181.44999999998,2980,22865,NA,NA,NA,195026.44999999998
2027/28,Nottinghamshire and Derby,16,145429.9,110397.15,1537,20503,NA,NA,NA,132437.15
2027/28,NA,309,2947204.15,3329181.4,41163,378956,NA,NA,NA,3749300.4
2014/15,proposition_Foundations,15695,22101439.9,39668322.75,2085503,2575176,208849.991575592,21462032.873493988,5886483.577096155,71886368.19216573
2014/15,NA,28225,159864210.7,290969642.95,2896720,15870835,375584.00842440804,43636327.35117835,11013826.592031976,364762935.9016347
2015/16,proposition_Foundations,15701,21889043.599999998,39287676.6,2087852,2578635,241873.92284610137,21462032.873493988,6040852.144882054,71698922.54122214
2015/16,NA,28289,158486226.4,288409595.09999996,2890560,15896446,435792.0771538986,47406239.56123564,12129200.947941115,367167833.6863306
2016/17,proposition_Foundations,15701,21532907.2,38648463,2087852,2578635,843139.3017604592,21462032.873493988,6181404.189532052,71801526.3647865
2016/17,NA,28208,153426792.65,279178871.34999996,2870332,15604978,1514761.698239541,52273832.2385077,13488573.042587979,364931348.3293352
2017/18,proposition_Foundations,15701,21121185.9,37909482.35,2087852,2578635,877738.6011330304,21462032.873493988,6109400.044509384,71025140.86913641
2017/18,NA,28958,143853835.1,261761213.65,2847665,14845544,1618849.3988669696,60401444.03345209,15307699.385088973,356782415.46740806
2018/19,proposition_Foundations,15205,20177460.65,36200788.55,2026462,2514191,885187.7621743312,20294421.600602042,5911631.880984129,67832682.7937605
2018/19,NA,30547,138702581.79999998,252442702.75,2932096,14475842,1778351.2378256689,61303356.913057655,16260466.362478798,349192815.2633621
2019/20,proposition_Foundations,13557,19341205.15,34726121,1889314,2377973,986006.6846618691,18071992.676634677,5270977.145487158,63322384.5067837
2019/20,NA,26324,122241670.5,222508099.75,2590267,12935887,1914556.3153381308,61063276.32308841,16195626.339628613,317207712.7280552
2020/21,proposition_Foundations,9905,17507510.349999998,31691744.25,1376480,2065472,944942.6880078197,10569300.02644144,2967632.455235125,49615571.41968439
2020/21,NA,22833,113020899.39999999,207540987.79999998,2100127,11934090,2178281.31199218,47849831.69877346,13669323.457313474,285272641.2680791
2021/22,proposition_Foundations,8767,16708285.95,30725041.8,1049371,1976511,885409.7048265749,14232676.472029641,3840194.2295609578,52709204.20641717
2021/22,NA,22601,111465827.8,207742621.4,1737524,12316442,2282553.295173425,66177829.988441825,16594636.115887968,306851606.7995032
2022/23,proposition_Foundations,9018,16750587.9,30986474.599999998,882923,2025710,1116377.2202785378,16131747.823798751,4419697.093983084,55562929.73806037
2022/23,NA,23509,114356897.1,213646097.5,1551137,13190801,2910280.779721462,76693442.16623294,19649368.63073496,327641127.07668936
2023/24,proposition_Foundations,9529,16719028.25,30523729.5,779751,2090119,1480494.8872975227,16593037.46287589,4759736.167101799,56226868.017275214
2023/24,NA,24055,119805720.1,220265668,1347979,14144465,3737360.1127024773,72443258.95581363,19774050.737179115,331712781.80569524
2024/25,proposition_Foundations,8987,14591807.2,22906662.75,655984,1900737,1591133.4627059693,14753077.948031617,4638143.650466087,46445738.81120367
2024/25,NA,19476,99628768.6,159799773.04999998,957052,12043086,3448193.5372940307,64470140.25759092,19031473.967563666,259749718.8124486
2025/26,proposition_Foundations,4145,8429438.95,12525169.049999999,371745,1112154,522363.36461755045,NA,NA,14531431.41461755
2025/26,NA,8641,56920952.1,86641265,503994,6917858,1088960.6353824495,NA,NA,95152077.63538244
2026/27,proposition_Foundations,1443,3901858.6999999997,5211487.7,165753,522751,NA,NA,NA,5899991.7
2026/27,NA,2850,25701909.849999998,35266240.75,196013,3141206,NA,NA,NA,38603459.75
2027/28,proposition_Foundations,278,1111618.0999999999,1112517.4,45536,152596,NA,NA,NA,1310649.4
2027/28,NA,510,6625334.35,6486262.45,41965,824787,NA,NA,NA,7353014.45
2014/15,proposition_Get A Job,11904,44573632.8,81037793,1180042,4921358,158403.9693989071,18925177.152530458,3578877.3752210964,109801651.49715047
2014/15,NA,32016,137392017.79999998,249600172.7,3802180,13478177,426030.03060109285,46173183.07214188,13321432.793907037,326801175.59665
2015/16,proposition_Get A Job,11854,44333509.5,80575789.95,1175293,4942378,182610.8834735167,20923096.585935865,4053220.2537790793,111852388.67318846
2015/16,NA,32136,136041760.5,247121481.75,3803119,13485783,495055.1165264833,47945175.84879375,14116832.83904409,326967447.5543643
2016/17,proposition_Get A Job,11892,43529831.1,79090992.1,1161870,4930613,638611.6127357201,20991003.945438087,4178166.45885044,110991257.11702424
2016/17,NA,32016,131429868.75,238736343.1,3796313,13209576,1719289.3872642799,52744861.1665636,15491810.773269592,325698193.42709744
2017/18,proposition_Get A Job,12275,43309357.25,78701865.5,1168837,5004256,686213.7016054995,22380267.039321974,4407268.248500446,112348707.48942792
2017/18,NA,32384,121665663.75,220968830.5,3766681,12382554,1810374.2983945007,59483209.86762411,17009831.18109791,315421480.84711653
2018/19,proposition_Get A Job,12616,43924194.55,79914905.6,1202446,5152760,734448.1897143356,22456071.480498463,4520155.972007238,113980787.24222003
2018/19,NA,33137,114955847.05,208728585.7,3756112,11806896,1929090.8102856642,59141707.033161245,17651942.271455687,303014333.8149026
2019/20,proposition_Get A Job,12258,43842559.699999996,79874293.45,1145432,5083482,891529.8326019909,18980683.672540687,4523706.323090489,110499127.27823317
2019/20,NA,27623,97740315.95,177359928.15,3334148,10204407,2009033.167398009,60154585.3271824,16942897.16202528,270004998.8066057
2020/21,proposition_Get A Job,9953,39872298.1,73313078.85,956501,4508182,949521.9155721181,13462301.323544594,3121930.7807027837,96311515.86981949
2020/21,NA,22785,90656111.64999999,165919653.2,2520106,9466536,2173702.084427882,44956830.401670314,13515025.131845817,238551852.817944
2021/22,proposition_Get A Job,11050,42051511.1,78559237.2,856186,4929156,1115977.7846850292,20439641.495191358,4315369.778168248,110215568.25804465
2021/22,NA,20318,86122603.5,159908425.15,1930709,9339792,2051985.2153149706,59970864.965280116,16119460.567280676,249321236.89787576
2022/23,proposition_Get A Job,10933,41048936.949999996,76947194.35,804659,4963546,1353484.9632294164,18210460.82234377,4146741.20830908,106426086.34388226
2022/23,NA,21593,90058547.2,167685378.6,1629402,10220121,2673173.0367705836,74614729.16768794,19922324.516408965,276745128.3208675
2023/24,proposition_Get A Job,10526,40499347.35,74679787.05,764299,4967737,1635396.0734278227,16620156.33243502,4019789.893761834,102687165.34962468
2023/24,NA,23058,96025401,176109611.29999998,1363430,11220509,3582458.926572177,72416140.0862545,20513997.010519084,285206146.3233457
2024/25,proposition_Get A Job,8629,33585233.15,54000853.6,569858,4217250,1527750.1557460562,11719306.382041175,3138865.856337297,75173883.99412453
2024/25,NA,19834,80635342.64999999,128705582.2,1043179,9684238,3511576.844253944,67503911.82358137,20530751.761692457,230979239.62952778
2025/26,proposition_Get A Job,3816,18698399.45,28347112.4,309056,2355685,480901.9540122008,NA,NA,31492755.3540122
2025/26,NA,8970,46651991.6,70819321.64999999,566684,5647600,1130422.045987799,NA,NA,78164027.69598779
2026/27,proposition_Get A Job,1275,8501779.9,11597041.299999999,127494,1075265,NA,NA,NA,12799800.299999999
2026/27,NA,3017,21101988.65,28880688,234271,2575937,NA,NA,NA,31690896
2027/28,proposition_Get A Job,235,2270595.65,2258956.6,27045,294680,NA,NA,NA,2580681.6
2027/28,NA,554,5466356.8,5339823.25,60456,679469,NA,NA,NA,6079748.25
2014/15,proposition_Enterprise,14460,112464033.8,204808571,1554362,10796641,192416.1120218579,10664242.956627194,4259538.197356905,232275771.26600596
2014/15,NA,29460,69501616.8,125829395.55,3427860,7640388,392017.88797814207,54434117.26804513,12640771.971771227,204364550.6777945
2015/16,proposition_Enterprise,14269,111157993.5,202422460.35,1527414,10790861,219813.96121845872,10399719.273976455,4242690.618463441,229602959.20365834
2015/16,NA,29721,69217276.5,125274811.35,3450998,7677026,457852.0387815412,58468553.16075315,13927362.474359728,209256603.02389443
2016/17,proposition_Enterprise,13730,106441835.64999999,193839049.85,1476941,10478847,737297.153886447,9450372.487142546,4078849.820303989,220061357.31133297
2016/17,NA,30179,68517864.2,123988284.5,3481243,7696426,1620603.846113553,64285492.624859124,15591127.411816044,216663177.38278872
2017/18,proposition_Enterprise,12207,95184539.35,173332131.75,1332650,9525477,682412.2733603528,7306320.548449056,3245015.065090661,195424006.63690007
2017/18,NA,32452,69790481.64999999,126338564.25,3602867,7892942,1814175.726639647,74557156.35849701,18172084.364507694,232377789.69964436
2018/19,proposition_Enterprise,11354,86731227.3,157905034.65,1239064,8842011,660994.5315177478,7217657.041553153,3292446.0738560893,179157207.296927
2018/19,NA,34398,72148815.14999999,130738456.64999999,3719494,8146283,2002544.468482252,74380121.47210653,18879652.169606835,237866551.7601956
2019/20,proposition_Enterprise,9776,75002035.64999999,136579300.5,1079844,7716980,710995.0325460108,4245101.265717178,2610231.8072547866,152942452.60551798
2019/20,NA,30106,66580840.85,120654920.25,3399736,7592815,2189567.967453989,74890167.7340059,18856371.677860983,227583578.62932086
2020/21,proposition_Enterprise,8712,66303252.1,121568589.5,845425,6917266,831129.802920154,3855221.931010989,2506477.6855103546,136524109.9194415
2020/21,NA,24026,64225157.65,117664141.7,2631183,7080177,2292094.197079846,54563909.794203915,14130478.227038246,198361983.918322
2021/22,proposition_Enterprise,7872,58575758.449999996,108790695.05,670331,6350263,795045.8997035101,4253324.415856782,2249810.7607528847,123109470.12631318
2021/22,NA,23495,69598356.14999999,129676967.3,2116564,7942375,2372917.10029649,76157182.04461467,18185019.584696043,236451025.0296072
2022/23,proposition_Enterprise,7568,53008395.3,98827316.35,567975,6052173,936875.4494420021,4507392.889742658,2321852.5971257063,113213585.28631036
2022/23,NA,24959,78099089.7,145805255.75,1866085,9151427,3089782.550557998,88317797.10028905,21747213.12759234,269977560.5284394
2023/24,proposition_Enterprise,7477,49709954.15,91374297.89999999,465180,5941039,1161681.212333254,4397733.1555340905,2430387.7187298746,105770318.98659721
2023/24,NA,26107,86814794.2,159415099.6,1662550,10265609,4056173.787666746,84638563.26315542,22103399.185551044,282141394.8363732
2024/25,proposition_Enterprise,5881,39512198.15,62561553.8,309875,4877254,1041221.3079085128,1755137.6524334403,1584254.4353601676,72129296.19570212
2024/25,NA,22582,74708377.64999999,120144882.85,1303161,9043194,3998105.6920914873,77468080.55318908,22085363.182669587,234042787.27795017
2025/26,proposition_Enterprise,2594,22168475.15,32992785.7,158586,2770609,326902.42890661664,NA,NA,36248883.128906615
2025/26,NA,10192,43181915.9,66173648.35,717154,5244098,1284421.5710933835,NA,NA,73419321.92109339
2026/27,proposition_Enterprise,848,9936530.6,13107117.299999999,58170,1253467,NA,NA,NA,14418754.299999999
2026/27,NA,3444,19667237.099999998,27370611.15,303596,2403848,NA,NA,NA,30078055.15
2027/28,proposition_Enterprise,150,2608187.6,2339596.9499999997,10618,333186,NA,NA,NA,2683400.9499999997
2027/28,NA,639,5128765.7,5259182.899999999,76883,643231,NA,NA,NA,5979296.899999999
2014/15,NA,43919,181965650.6,330637965.7,4982223,18400124,584434,65098360.224672325,16900310.169128135,436603417.0938004
2015/16,NA,43990,180375270,327697271.7,4978412,18428579,677666,68868272.4347296,18170053.092823166,438820254.2275528
2016/17,NA,43909,174959699.85,317827335.2,4958184,18140245,2357901,73735865.11200167,19669977.23212003,436689507.5441217
2017/18,NA,44659,164975021,299670696.84999996,4935517,17385531,2496588,81863476.90694606,21417099.429598354,427768909.18654436
2018/19,NA,45753,158880041.6,288643491.3,4958558,16957004,2663539,81597778.51365969,22172098.24346292,416992469.0571226
2019/20,proposition_Get A Job- H&SC,320,2059777.8,3605789.25,6511,181040,23273.74338657506,1010101.215463491,184484.20009205054,5011199.408942116
2019/20,NA,39561,139523097.85,253628431.5,4473070,15104371,2877289.256613425,78125167.78425959,21282119.28502372,375490448.82589674
2020/21,proposition_Get A Job- H&SC,1839,11922697.549999999,21965456.05,90990,1039204,175441.65605718127,4431475.4588229265,1005259.3911107255,28707826.555990834
2020/21,NA,30899,118605712.2,217267275.15,3385618,12937336,2947782.3439428187,53987656.26639197,15631696.521437876,306157364.2817727
2021/22,proposition_Get A Job- H&SC,3397,21899085.5,40935848.699999996,138605,2039002,343085.73695284856,6676623.749111187,1486563.601045136,51619728.78710917
2021/22,NA,27970,106275028.25,197531814.5,2648290,12234876,2824877.2630471517,73733882.71136028,18948266.74440379,307922007.2188112
2022/23,proposition_Get A Job- H&SC,5829,35906238.05,66816933.449999996,203954,3553373,721597.1187628739,11399269.12803397,2666790.5201609987,85361917.21695784
2022/23,NA,26698,95201246.95,177815638.65,2230107,11641386,3305060.881237126,81425920.86199774,21402275.20455705,297820388.5977919
2023/24,proposition_Get A Job- H&SC,7778,48423559.05,88500056.05,217413,4912362,1208446.7660195332,11561341.539180035,3083815.3354160246,109483434.6906156
2023/24,NA,25806,88101189.3,162289341.45,1910317,11295454,4009408.2339804666,77474954.8795095,21449971.568864893,278429447.13235486
2024/25,proposition_Get A Job- H&SC,6200,42760189.25,69024081.7,171030,4403869,1097699.7294733513,5247354.61648154,1575690.8978717343,81519725.94382663
2024/25,NA,22263,71460386.55,113682354.1,1442006,9514165,3941627.270526649,73975863.589141,22093926.72015802,224649942.67982566
2025/26,proposition_Get A Job- H&SC,2768,25568354.45,39729651.1,96675,2646972,348857.6325381306,NA,NA,42822155.732538134
2025/26,NA,10017,39782036.6,59436782.1,779064,5366268,1262466.3674618695,NA,NA,66844580.46746187
2026/27,proposition_Get A Job- H&SC,884,11647969.049999999,16607000.799999999,40013,1207957,NA,NA,NA,17854970.799999997
2026/27,NA,3408,17955799.5,23870728.5,321752,2447792,NA,NA,NA,26640272.5
2027/28,proposition_Get A Job- H&SC,146,2824586.55,2926747.1999999997,9900,294795,NA,NA,NA,3231442.1999999997
2027/28,NA,643,4912366.75,4672032.649999999,77601,680310,NA,NA,NA,5429943.649999999
2014/15,proposition_Non-Core,1436,2399051.05,4386221,125099,136070,19108.97843757827,744504.0282797177,388877.17332666676,5799880.180043963
2014/15,NA,42483,179566600.4,326251745.55,4857124,18265646,565325.0215624217,64353856.1963926,16511432.99580147,430805129.7637565
2015/16,proposition_Non-Core,1744,2587857.3,4720657.75,150689,149128,26866.3219822687,1232045.2241110294,651530.2458628452,6930916.541956143
2015/16,NA,42246,177787412.7,322976613.95,4827723,18281378,650799.6780177313,67636227.21061857,17518522.846960325,431891264.6855966
2016/17,proposition_Non-Core,2016,2944063.4,5367648,170059,173131,108258.635268396,1314992.7035913337,713177.9895622828,7847267.328422013
2016/17,NA,41893,172015637.29999998,312459686.34999996,4788124,17968376,2249642.3647316042,72420872.40841033,18956799.24255775,428843500.36569965
2017/18,proposition_Non-Core,3644,4689438.95,8563699,267522,282703,203711.83125461833,2936000.1432654066,1597184.4061323141,13850820.380652338
2017/18,NA,41015,160285582.9,291106997,4667996,17102879,2292876.1687453818,78927476.76368067,19819915.023466043,413918139.9558921
2018/19,proposition_Non-Core,5620,7246675.85,13233302.35,397977,443557,327178.9032173457,4165911.1124522868,2310920.3749854667,20878846.740655098
2018/19,NA,40132,151633365.75,275410188.95,4560581,16515321,2336360.0967826545,77431867.4012074,19861177.868477456,396115496.3164675
2019/20,proposition_Non-Core,4672,8247769.3,14985862.1,365541,496013,339796.6534439959,2175125.7856851197,1162909.3327231044,19525247.87185222
2019/20,NA,35209,133335106.35,242248359.5,4114039,14791605,2560766.346556004,76960143.21403795,20303694.152392667,360978607.21298665
2020/21,proposition_Non-Core,3843,8672444.6,15919559.9,278718,521897,366624.40686663816,1746688.2541253287,1026721.9401419412,19860209.501133908
2020/21,NA,28895,121855966,223313172.15,3197889,13452780,2756599.5931333615,56672443.471089564,15610233.972406661,315003118.1866296
2021/22,proposition_Non-Core,2052,6255961.75,11607642.5,169312,380142,207245.1964166162,954890.8398391921,325720.57413536945,13644953.110391177
2021/22,NA,29315,121918152,226860020.7,2617583,13890629,2960717.803583384,79455615.62063226,20109109.77131356,345893675.8955292
2022/23,proposition_Non-Core,1293,4477043.5,8397452.6,111407,280139,160066.06185630398,1180076.198476699,418071.67299436085,10547212.533327363
2022/23,NA,31234,126630440.64999999,236235119.5,2322653,14905667,3866591.9381436957,91645113.79155499,23650994.05172369,372626139.2814224
2023/24,proposition_Non-Core,738,2827230.9,5306198.1,63524,185056,114657.64448414472,561993.936512316,197843.36171886208,6429273.042715322
2023/24,NA,32847,133697517.45,245483199.4,2064206,16004236,5103197.355515855,88474302.48217718,24335943.54256206,381465084.7802551
2024/25,proposition_Non-Core,479,1613359.5,2725237.6999999997,33092,111066,84806.15651898958,931860.4684153115,304993.6813188181,4191056.006253119
2024/25,NA,27984,112607216.3,179981198.95,1579944,13791156,4954520.843481011,78291357.73720722,23364623.936710935,301962801.4673992
2025/26,proposition_Non-Core,198,833681.7,1324999.55,14628,58427,24954.411576065704,NA,NA,1423008.9615760657
2025/26,NA,12587,64516709.35,97841433.64999999,861112,7945084,1586369.5884239343,NA,NA,108233999.23842393
2026/27,proposition_Non-Core,62,308491.35,418923.35,2216,22154,NA,NA,NA,443293.35
2026/27,NA,4231,29295276.349999998,40058805.949999996,359550,3629000,NA,NA,NA,44047355.949999996
2027/28,proposition_Non-Core,12,80872.4,77073.75,227,5867,NA,NA,NA,83167.75
2027/28,NA,777,7656080.899999999,7521706.1,87274,968321,NA,NA,NA,8577301.1
2014/15,proposition_Education,425,427493.05,737057.95,37217,26554,5655.512420592454,13302403.213740978,2786533.8461273056,16895421.522288878
2014/15,NA,43494,181538157.54999998,329900907.75,4945006,18373790,578778.4875794075,51795957.01093135,14113776.323000828,419708215.57151157
2015/16,proposition_Education,421,406865.25,690687.0499999999,37164,25716,6485.505478517845,14851378.477212284,3181759.8298357488,18793190.86252655
2015/16,NA,43569,179968404.75,327006584.65,4941248,18402957,671180.4945214821,54016893.95751733,14988293.26298742,420027157.36502624
2016/17,proposition_Education,569,511062.5,881181.4,61462,32902,30555.140608986767,20517463.10233574,4518378.773871263,26041942.41681599
2016/17,NA,43340,174448637.35,316946153.8,4896722,18108198,2327345.859391013,53218402.00966596,15151598.45824877,410648420.12730575
2017/18,proposition_Education,832,670499.5499999999,1163516.55,78657,44509,46511.592646499026,27778856.302415673,6058231.665365556,35170282.11042773
2017/18,NA,43827,164304521.45,298507180.3,4856861,17341574,2450076.407353501,54084620.604530424,15358867.7642328,392599180.07611674
2018/19,proposition_Education,958,800484.1,1389459.3,92609,53810,55770.558477039755,27463717.27855377,6136943.941630003,35192310.07866081
2018/19,NA,44795,158079557.5,287254032,4865949,16903826,2607768.4415229606,54134061.23510595,16035154.301832926,381800790.97846186
2019/20,proposition_Education,950,742308.4,1311647.75,89980,51763,69093.92567889471,38924165.82067091,8862928.446088927,49309578.94243873
2019/20,NA,38931,140840567.25,255922573,4389601,15234419,2831469.0743211056,40211103.17905219,12603675.039026843,331192840.2924001
2020/21,proposition_Education,917,779281.7,1400695.45,81427,54912,87482.32659295009,28928864.45619777,7003171.741996416,37556552.97478713
2020/21,NA,31821,129749128.89999999,237832035.75,3395181,13919548,3035741.67340705,29490267.269017134,9633784.170552181,297306557.8629764
2021/22,proposition_Education,878,921551.2999999999,1702671.55,80612,68453,88675.08891510186,38864162.899432495,9168663.376668638,49973237.915016234
2021/22,NA,30489,127252562.45,236764990.79999998,2706283,14202591,3079287.9110848983,41546343.561038986,11266166.968780288,309565663.24090415
2022/23,proposition_Education,861,861047.45,1600320.5,65428,64335,106586.91357948781,47552179.14836336,11293693.733836643,60682543.29577949
2022/23,NA,31666,130246437.55,243032252.45,2368632,15121182,3920071.0864205123,45273010.84166837,12775371.990881396,322490520.3689703
2023/24,proposition_Education,709,734494.35,1350865.9,51938,54443,110152.12728896829,45491919.10004539,11282516.84811419,58341834.97544855
2023/24,NA,32876,135790254,249438531.6,2075792,16133747,5107702.872711032,43544377.31864416,13251270.05616672,329551420.8475219
2024/25,proposition_Education,854,606903.4,941825.5,38189,45172,151199.28531778097,48900119.54220038,13287316.513783762,63363821.841301925
2024/25,NA,27609,113613672.39999999,181764610.29999998,1574847,13854170,4888127.714682219,30323098.663422175,10382301.10424599,242787154.78235036
2025/26,proposition_Education,408,319780.2,453766.55,19143,23489,51421.211732499025,NA,NA,547819.761732499
2025/26,NA,12377,65030610.85,98712666.64999999,856597,7977991,1559902.788267501,NA,NA,109107157.4382675
2026/27,proposition_Education,154,148386.19999999998,183788.69999999998,8537,10885,NA,NA,NA,203210.69999999998
2026/27,NA,4139,29455382.349999998,40293940.6,353229,3639294,NA,NA,NA,44286463.6
2027/28,proposition_Education,34,48892,46872.4,2485,3620,NA,NA,NA,52977.4
2027/28,NA,755,7688061.3,7551907.45,85016,970285,NA,NA,NA,8607208.45
